DATAFLOW,LAST UPDATE,freq,unit,age,sex,geo,TIME_PERIOD,OBS_VALUE,OBS_FLAG,CONF_STATUS
ESTAT:TIPSLM60(1.0),14/04/25 23:00:00,A,PC_POP,Y15-64,T,AT,2009,74.6,,
ESTAT:TIPSLM60(1.0),14/04/25 23:00:00,A,PC_POP,Y15-64,T,AT,2010,74.7,,
ESTAT:TIPSLM60(1.0),14/04/25 23:00:00,A,PC_POP,Y15-64,T,AT,2011,74.8,,
ESTAT:TIPSLM60(1.0),14/04/25 23:00:00,A,PC_POP,Y15-64,T,AT,2012,75.4,,
ESTAT:TIPSLM60(1.0),14/04/25 23:00:00,A,PC_POP,Y15-64,T,AT,2013,75.8,,
ESTAT:TIPSLM60(1.0),14/04/25 23:00:00,A,PC_POP,Y15-64,T,AT,2014,75.7,,
ESTAT:TIPSLM60(1.0),14/04/25 23:00:00,A,PC_POP,Y15-64,T,AT,2015,75.8,,
ESTAT:TIPSLM60(1.0),14/04/25 23:00:00,A,PC_POP,Y15-64,T,AT,2016,76.6,,
ESTAT:TIPSLM60(1.0),14/04/25 23:00:00,A,PC_POP,Y15-64,T,AT,2017,76.8,,
ESTAT:TIPSLM60(1.0),14/04/25 23:00:00,A,PC_POP,Y15-64,T,AT,2018,77.1,,
ESTAT:TIPSLM60(1.0),14/04/25 23:00:00,A,PC_POP,Y15-64,T,AT,2019,77.3,,
ESTAT:TIPSLM60(1.0),14/04/25 23:00:00,A,PC_POP,Y15-64,T,AT,2020,76.4,,
ESTAT:TIPSLM60(1.0),14/04/25 23:00:00,A,PC_POP,Y15-64,T,AT,2021,77.2,,
ESTAT:TIPSLM60(1.0),14/04/25 23:00:00,A,PC_POP,Y15-64,T,AT,2022,77.8,,
ESTAT:TIPSLM60(1.0),14/04/25 23:00:00,A,PC_POP,Y15-64,T,AT,2023,78.2,,
ESTAT:TIPSLM60(1.0),14/04/25 23:00:00,A,PC_POP,Y15-64,T,AT,2024,78.2,,
ESTAT:TIPSLM60(1.0),14/04/25 23:00:00,A,PC_POP,Y15-64,T,BE,2009,67.0,,
ESTAT:TIPSLM60(1.0),14/04/25 23:00:00,A,PC_POP,Y15-64,T,BE,2010,67.7,,
ESTAT:TIPSLM60(1.0),14/04/25 23:00:00,A,PC_POP,Y15-64,T,BE,2011,66.8,,
ESTAT:TIPSLM60(1.0),14/04/25 23:00:00,A,PC_POP,Y15-64,T,BE,2012,67.0,,
ESTAT:TIPSLM60(1.0),14/04/25 23:00:00,A,PC_POP,Y15-64,T,BE,2013,67.6,,
ESTAT:TIPSLM60(1.0),14/04/25 23:00:00,A,PC_POP,Y15-64,T,BE,2014,67.8,,
ESTAT:TIPSLM60(1.0),14/04/25 23:00:00,A,PC_POP,Y15-64,T,BE,2015,67.7,,
ESTAT:TIPSLM60(1.0),14/04/25 23:00:00,A,PC_POP,Y15-64,T,BE,2016,67.7,,
ESTAT:TIPSLM60(1.0),14/04/25 23:00:00,A,PC_POP,Y15-64,T,BE,2017,68.0,b,
ESTAT:TIPSLM60(1.0),14/04/25 23:00:00,A,PC_POP,Y15-64,T,BE,2018,68.6,,
ESTAT:TIPSLM60(1.0),14/04/25 23:00:00,A,PC_POP,Y15-64,T,BE,2019,69.1,,
ESTAT:TIPSLM60(1.0),14/04/25 23:00:00,A,PC_POP,Y15-64,T,BE,2020,68.4,,
ESTAT:TIPSLM60(1.0),14/04/25 23:00:00,A,PC_POP,Y15-64,T,BE,2021,69.7,,
ESTAT:TIPSLM60(1.0),14/04/25 23:00:00,A,PC_POP,Y15-64,T,BE,2022,70.5,,
ESTAT:TIPSLM60(1.0),14/04/25 23:00:00,A,PC_POP,Y15-64,T,BE,2023,70.5,,
ESTAT:TIPSLM60(1.0),14/04/25 23:00:00,A,PC_POP,Y15-64,T,BE,2024,70.8,,
ESTAT:TIPSLM60(1.0),14/04/25 23:00:00,A,PC_POP,Y15-64,T,BG,2009,67.0,,
ESTAT:TIPSLM60(1.0),14/04/25 23:00:00,A,PC_POP,Y15-64,T,BG,2010,66.5,b,
ESTAT:TIPSLM60(1.0),14/04/25 23:00:00,A,PC_POP,Y15-64,T,BG,2011,65.8,b,
ESTAT:TIPSLM60(1.0),14/04/25 23:00:00,A,PC_POP,Y15-64,T,BG,2012,67.0,,
ESTAT:TIPSLM60(1.0),14/04/25 23:00:00,A,PC_POP,Y15-64,T,BG,2013,68.2,,
ESTAT:TIPSLM60(1.0),14/04/25 23:00:00,A,PC_POP,Y15-64,T,BG,2014,68.9,,
ESTAT:TIPSLM60(1.0),14/04/25 23:00:00,A,PC_POP,Y15-64,T,BG,2015,69.2,,
ESTAT:TIPSLM60(1.0),14/04/25 23:00:00,A,PC_POP,Y15-64,T,BG,2016,68.6,,
ESTAT:TIPSLM60(1.0),14/04/25 23:00:00,A,PC_POP,Y15-64,T,BG,2017,71.2,,
ESTAT:TIPSLM60(1.0),14/04/25 23:00:00,A,PC_POP,Y15-64,T,BG,2018,71.4,,
ESTAT:TIPSLM60(1.0),14/04/25 23:00:00,A,PC_POP,Y15-64,T,BG,2019,73.6,b,
ESTAT:TIPSLM60(1.0),14/04/25 23:00:00,A,PC_POP,Y15-64,T,BG,2020,72.6,,
ESTAT:TIPSLM60(1.0),14/04/25 23:00:00,A,PC_POP,Y15-64,T,BG,2021,72.3,,
ESTAT:TIPSLM60(1.0),14/04/25 23:00:00,A,PC_POP,Y15-64,T,BG,2022,73.7,,
ESTAT:TIPSLM60(1.0),14/04/25 23:00:00,A,PC_POP,Y15-64,T,BG,2023,73.9,,
ESTAT:TIPSLM60(1.0),14/04/25 23:00:00,A,PC_POP,Y15-64,T,BG,2024,74.0,,
ESTAT:TIPSLM60(1.0),14/04/25 23:00:00,A,PC_POP,Y15-64,T,CY,2009,73.0,,
ESTAT:TIPSLM60(1.0),14/04/25 23:00:00,A,PC_POP,Y15-64,T,CY,2010,73.6,,
ESTAT:TIPSLM60(1.0),14/04/25 23:00:00,A,PC_POP,Y15-64,T,CY,2011,73.5,,
ESTAT:TIPSLM60(1.0),14/04/25 23:00:00,A,PC_POP,Y15-64,T,CY,2012,73.5,,
ESTAT:TIPSLM60(1.0),14/04/25 23:00:00,A,PC_POP,Y15-64,T,CY,2013,73.6,,
ESTAT:TIPSLM60(1.0),14/04/25 23:00:00,A,PC_POP,Y15-64,T,CY,2014,74.3,,
ESTAT:TIPSLM60(1.0),14/04/25 23:00:00,A,PC_POP,Y15-64,T,CY,2015,73.9,,
ESTAT:TIPSLM60(1.0),14/04/25 23:00:00,A,PC_POP,Y15-64,T,CY,2016,73.4,,
ESTAT:TIPSLM60(1.0),14/04/25 23:00:00,A,PC_POP,Y15-64,T,CY,2017,73.9,,
ESTAT:TIPSLM60(1.0),14/04/25 23:00:00,A,PC_POP,Y15-64,T,CY,2018,75.0,,
ESTAT:TIPSLM60(1.0),14/04/25 23:00:00,A,PC_POP,Y15-64,T,CY,2019,77.1,,
ESTAT:TIPSLM60(1.0),14/04/25 23:00:00,A,PC_POP,Y15-64,T,CY,2020,76.9,,
ESTAT:TIPSLM60(1.0),14/04/25 23:00:00,A,PC_POP,Y15-64,T,CY,2021,77.7,,
ESTAT:TIPSLM60(1.0),14/04/25 23:00:00,A,PC_POP,Y15-64,T,CY,2022,79.2,,
ESTAT:TIPSLM60(1.0),14/04/25 23:00:00,A,PC_POP,Y15-64,T,CY,2023,80.0,,
ESTAT:TIPSLM60(1.0),14/04/25 23:00:00,A,PC_POP,Y15-64,T,CY,2024,79.5,,
ESTAT:TIPSLM60(1.0),14/04/25 23:00:00,A,PC_POP,Y15-64,T,CZ,2009,70.1,,
ESTAT:TIPSLM60(1.0),14/04/25 23:00:00,A,PC_POP,Y15-64,T,CZ,2010,70.2,,
ESTAT:TIPSLM60(1.0),14/04/25 23:00:00,A,PC_POP,Y15-64,T,CZ,2011,70.5,b,
ESTAT:TIPSLM60(1.0),14/04/25 23:00:00,A,PC_POP,Y15-64,T,CZ,2012,71.6,,
ESTAT:TIPSLM60(1.0),14/04/25 23:00:00,A,PC_POP,Y15-64,T,CZ,2013,72.9,,
ESTAT:TIPSLM60(1.0),14/04/25 23:00:00,A,PC_POP,Y15-64,T,CZ,2014,73.5,,
ESTAT:TIPSLM60(1.0),14/04/25 23:00:00,A,PC_POP,Y15-64,T,CZ,2015,74.0,,
ESTAT:TIPSLM60(1.0),14/04/25 23:00:00,A,PC_POP,Y15-64,T,CZ,2016,75.0,,
ESTAT:TIPSLM60(1.0),14/04/25 23:00:00,A,PC_POP,Y15-64,T,CZ,2017,75.9,,
ESTAT:TIPSLM60(1.0),14/04/25 23:00:00,A,PC_POP,Y15-64,T,CZ,2018,76.6,,
ESTAT:TIPSLM60(1.0),14/04/25 23:00:00,A,PC_POP,Y15-64,T,CZ,2019,76.7,,
ESTAT:TIPSLM60(1.0),14/04/25 23:00:00,A,PC_POP,Y15-64,T,CZ,2020,76.4,,
ESTAT:TIPSLM60(1.0),14/04/25 23:00:00,A,PC_POP,Y15-64,T,CZ,2021,76.6,,
ESTAT:TIPSLM60(1.0),14/04/25 23:00:00,A,PC_POP,Y15-64,T,CZ,2022,77.2,,
ESTAT:TIPSLM60(1.0),14/04/25 23:00:00,A,PC_POP,Y15-64,T,CZ,2023,77.1,,
ESTAT:TIPSLM60(1.0),14/04/25 23:00:00,A,PC_POP,Y15-64,T,CZ,2024,77.5,,
ESTAT:TIPSLM60(1.0),14/04/25 23:00:00,A,PC_POP,Y15-64,T,DE,2009,75.0,,
ESTAT:TIPSLM60(1.0),14/04/25 23:00:00,A,PC_POP,Y15-64,T,DE,2010,75.4,b,
ESTAT:TIPSLM60(1.0),14/04/25 23:00:00,A,PC_POP,Y15-64,T,DE,2011,76.0,b,
ESTAT:TIPSLM60(1.0),14/04/25 23:00:00,A,PC_POP,Y15-64,T,DE,2012,76.0,,
ESTAT:TIPSLM60(1.0),14/04/25 23:00:00,A,PC_POP,Y15-64,T,DE,2013,76.4,,
ESTAT:TIPSLM60(1.0),14/04/25 23:00:00,A,PC_POP,Y15-64,T,DE,2014,76.5,,
ESTAT:TIPSLM60(1.0),14/04/25 23:00:00,A,PC_POP,Y15-64,T,DE,2015,76.4,,
ESTAT:TIPSLM60(1.0),14/04/25 23:00:00,A,PC_POP,Y15-64,T,DE,2016,76.7,,
ESTAT:TIPSLM60(1.0),14/04/25 23:00:00,A,PC_POP,Y15-64,T,DE,2017,77.0,,
ESTAT:TIPSLM60(1.0),14/04/25 23:00:00,A,PC_POP,Y15-64,T,DE,2018,77.5,,
ESTAT:TIPSLM60(1.0),14/04/25 23:00:00,A,PC_POP,Y15-64,T,DE,2019,78.0,,
ESTAT:TIPSLM60(1.0),14/04/25 23:00:00,A,PC_POP,Y15-64,T,DE,2020,77.3,b,
ESTAT:TIPSLM60(1.0),14/04/25 23:00:00,A,PC_POP,Y15-64,T,DE,2021,78.5,,
ESTAT:TIPSLM60(1.0),14/04/25 23:00:00,A,PC_POP,Y15-64,T,DE,2022,79.3,,
ESTAT:TIPSLM60(1.0),14/04/25 23:00:00,A,PC_POP,Y15-64,T,DE,2023,79.7,,
ESTAT:TIPSLM60(1.0),14/04/25 23:00:00,A,PC_POP,Y15-64,T,DE,2024,80.2,,
ESTAT:TIPSLM60(1.0),14/04/25 23:00:00,A,PC_POP,Y15-64,T,DK,2009,78.7,,
ESTAT:TIPSLM60(1.0),14/04/25 23:00:00,A,PC_POP,Y15-64,T,DK,2010,78.0,,
ESTAT:TIPSLM60(1.0),14/04/25 23:00:00,A,PC_POP,Y15-64,T,DK,2011,77.8,,
ESTAT:TIPSLM60(1.0),14/04/25 23:00:00,A,PC_POP,Y15-64,T,DK,2012,77.2,,
ESTAT:TIPSLM60(1.0),14/04/25 23:00:00,A,PC_POP,Y15-64,T,DK,2013,76.6,,
ESTAT:TIPSLM60(1.0),14/04/25 23:00:00,A,PC_POP,Y15-64,T,DK,2014,76.6,,
ESTAT:TIPSLM60(1.0),14/04/25 23:00:00,A,PC_POP,Y15-64,T,DK,2015,76.9,,
ESTAT:TIPSLM60(1.0),14/04/25 23:00:00,A,PC_POP,Y15-64,T,DK,2016,77.5,b,
ESTAT:TIPSLM60(1.0),14/04/25 23:00:00,A,PC_POP,Y15-64,T,DK,2017,77.9,b,
ESTAT:TIPSLM60(1.0),14/04/25 23:00:00,A,PC_POP,Y15-64,T,DK,2018,78.2,,
ESTAT:TIPSLM60(1.0),14/04/25 23:00:00,A,PC_POP,Y15-64,T,DK,2019,79.1,,
ESTAT:TIPSLM60(1.0),14/04/25 23:00:00,A,PC_POP,Y15-64,T,DK,2020,79.0,,
ESTAT:TIPSLM60(1.0),14/04/25 23:00:00,A,PC_POP,Y15-64,T,DK,2021,79.6,,
ESTAT:TIPSLM60(1.0),14/04/25 23:00:00,A,PC_POP,Y15-64,T,DK,2022,80.4,,
ESTAT:TIPSLM60(1.0),14/04/25 23:00:00,A,PC_POP,Y15-64,T,DK,2023,80.8,b,
ESTAT:TIPSLM60(1.0),14/04/25 23:00:00,A,PC_POP,Y15-64,T,DK,2024,82.4,,
ESTAT:TIPSLM60(1.0),14/04/25 23:00:00,A,PC_POP,Y15-64,T,EA20,2009,71.0,,
ESTAT:TIPSLM60(1.0),14/04/25 23:00:00,A,PC_POP,Y15-64,T,EA20,2010,71.1,,
ESTAT:TIPSLM60(1.0),14/04/25 23:00:00,A,PC_POP,Y15-64,T,EA20,2011,71.2,,
ESTAT:TIPSLM60(1.0),14/04/25 23:00:00,A,PC_POP,Y15-64,T,EA20,2012,71.7,,
ESTAT:TIPSLM60(1.0),14/04/25 23:00:00,A,PC_POP,Y15-64,T,EA20,2013,71.9,,
ESTAT:TIPSLM60(1.0),14/04/25 23:00:00,A,PC_POP,Y15-64,T,EA20,2014,72.2,,
ESTAT:TIPSLM60(1.0),14/04/25 23:00:00,A,PC_POP,Y15-64,T,EA20,2015,72.4,,
ESTAT:TIPSLM60(1.0),14/04/25 23:00:00,A,PC_POP,Y15-64,T,EA20,2016,72.7,,
ESTAT:TIPSLM60(1.0),14/04/25 23:00:00,A,PC_POP,Y15-64,T,EA20,2017,73.0,,
ESTAT:TIPSLM60(1.0),14/04/25 23:00:00,A,PC_POP,Y15-64,T,EA20,2018,73.3,,
ESTAT:TIPSLM60(1.0),14/04/25 23:00:00,A,PC_POP,Y15-64,T,EA20,2019,73.6,,
ESTAT:TIPSLM60(1.0),14/04/25 23:00:00,A,PC_POP,Y15-64,T,EA20,2020,72.5,,
ESTAT:TIPSLM60(1.0),14/04/25 23:00:00,A,PC_POP,Y15-64,T,EA20,2021,73.6,,
ESTAT:TIPSLM60(1.0),14/04/25 23:00:00,A,PC_POP,Y15-64,T,EA20,2022,74.5,,
ESTAT:TIPSLM60(1.0),14/04/25 23:00:00,A,PC_POP,Y15-64,T,EA20,2023,75.0,,
ESTAT:TIPSLM60(1.0),14/04/25 23:00:00,A,PC_POP,Y15-64,T,EA20,2024,75.4,,
ESTAT:TIPSLM60(1.0),14/04/25 23:00:00,A,PC_POP,Y15-64,T,EE,2009,74.5,,
ESTAT:TIPSLM60(1.0),14/04/25 23:00:00,A,PC_POP,Y15-64,T,EE,2010,74.6,,
ESTAT:TIPSLM60(1.0),14/04/25 23:00:00,A,PC_POP,Y15-64,T,EE,2011,75.2,,
ESTAT:TIPSLM60(1.0),14/04/25 23:00:00,A,PC_POP,Y15-64,T,EE,2012,75.6,,
ESTAT:TIPSLM60(1.0),14/04/25 23:00:00,A,PC_POP,Y15-64,T,EE,2013,75.8,,
ESTAT:TIPSLM60(1.0),14/04/25 23:00:00,A,PC_POP,Y15-64,T,EE,2014,75.9,,
ESTAT:TIPSLM60(1.0),14/04/25 23:00:00,A,PC_POP,Y15-64,T,EE,2015,77.0,,
ESTAT:TIPSLM60(1.0),14/04/25 23:00:00,A,PC_POP,Y15-64,T,EE,2016,77.9,,
ESTAT:TIPSLM60(1.0),14/04/25 23:00:00,A,PC_POP,Y15-64,T,EE,2017,79.2,,
ESTAT:TIPSLM60(1.0),14/04/25 23:00:00,A,PC_POP,Y15-64,T,EE,2018,79.3,,
ESTAT:TIPSLM60(1.0),14/04/25 23:00:00,A,PC_POP,Y15-64,T,EE,2019,79.2,,
ESTAT:TIPSLM60(1.0),14/04/25 23:00:00,A,PC_POP,Y15-64,T,EE,2020,79.6,,
ESTAT:TIPSLM60(1.0),14/04/25 23:00:00,A,PC_POP,Y15-64,T,EE,2021,79.1,,
ESTAT:TIPSLM60(1.0),14/04/25 23:00:00,A,PC_POP,Y15-64,T,EE,2022,81.2,,
ESTAT:TIPSLM60(1.0),14/04/25 23:00:00,A,PC_POP,Y15-64,T,EE,2023,81.6,,
ESTAT:TIPSLM60(1.0),14/04/25 23:00:00,A,PC_POP,Y15-64,T,EE,2024,82.2,,
ESTAT:TIPSLM60(1.0),14/04/25 23:00:00,A,PC_POP,Y15-64,T,EL,2009,67.4,,
ESTAT:TIPSLM60(1.0),14/04/25 23:00:00,A,PC_POP,Y15-64,T,EL,2010,67.7,,
ESTAT:TIPSLM60(1.0),14/04/25 23:00:00,A,PC_POP,Y15-64,T,EL,2011,67.1,,
ESTAT:TIPSLM60(1.0),14/04/25 23:00:00,A,PC_POP,Y15-64,T,EL,2012,67.3,,
ESTAT:TIPSLM60(1.0),14/04/25 23:00:00,A,PC_POP,Y15-64,T,EL,2013,67.4,,
ESTAT:TIPSLM60(1.0),14/04/25 23:00:00,A,PC_POP,Y15-64,T,EL,2014,67.3,,
ESTAT:TIPSLM60(1.0),14/04/25 23:00:00,A,PC_POP,Y15-64,T,EL,2015,67.7,,
ESTAT:TIPSLM60(1.0),14/04/25 23:00:00,A,PC_POP,Y15-64,T,EL,2016,68.2,,
ESTAT:TIPSLM60(1.0),14/04/25 23:00:00,A,PC_POP,Y15-64,T,EL,2017,68.2,,
ESTAT:TIPSLM60(1.0),14/04/25 23:00:00,A,PC_POP,Y15-64,T,EL,2018,68.1,,
ESTAT:TIPSLM60(1.0),14/04/25 23:00:00,A,PC_POP,Y15-64,T,EL,2019,68.5,,
ESTAT:TIPSLM60(1.0),14/04/25 23:00:00,A,PC_POP,Y15-64,T,EL,2020,65.3,,
ESTAT:TIPSLM60(1.0),14/04/25 23:00:00,A,PC_POP,Y15-64,T,EL,2021,67.3,,
ESTAT:TIPSLM60(1.0),14/04/25 23:00:00,A,PC_POP,Y15-64,T,EL,2022,69.4,,
ESTAT:TIPSLM60(1.0),14/04/25 23:00:00,A,PC_POP,Y15-64,T,EL,2023,69.5,,
ESTAT:TIPSLM60(1.0),14/04/25 23:00:00,A,PC_POP,Y15-64,T,EL,2024,70.5,,
ESTAT:TIPSLM60(1.0),14/04/25 23:00:00,A,PC_POP,Y15-64,T,ES,2009,73.1,,
ESTAT:TIPSLM60(1.0),14/04/25 23:00:00,A,PC_POP,Y15-64,T,ES,2010,73.5,,
ESTAT:TIPSLM60(1.0),14/04/25 23:00:00,A,PC_POP,Y15-64,T,ES,2011,73.9,,
ESTAT:TIPSLM60(1.0),14/04/25 23:00:00,A,PC_POP,Y15-64,T,ES,2012,74.3,,
ESTAT:TIPSLM60(1.0),14/04/25 23:00:00,A,PC_POP,Y15-64,T,ES,2013,74.3,,
ESTAT:TIPSLM60(1.0),14/04/25 23:00:00,A,PC_POP,Y15-64,T,ES,2014,74.2,,
ESTAT:TIPSLM60(1.0),14/04/25 23:00:00,A,PC_POP,Y15-64,T,ES,2015,74.3,,
ESTAT:TIPSLM60(1.0),14/04/25 23:00:00,A,PC_POP,Y15-64,T,ES,2016,74.2,,
ESTAT:TIPSLM60(1.0),14/04/25 23:00:00,A,PC_POP,Y15-64,T,ES,2017,73.9,,
ESTAT:TIPSLM60(1.0),14/04/25 23:00:00,A,PC_POP,Y15-64,T,ES,2018,73.7,,
ESTAT:TIPSLM60(1.0),14/04/25 23:00:00,A,PC_POP,Y15-64,T,ES,2019,73.8,,
ESTAT:TIPSLM60(1.0),14/04/25 23:00:00,A,PC_POP,Y15-64,T,ES,2020,72.2,,
ESTAT:TIPSLM60(1.0),14/04/25 23:00:00,A,PC_POP,Y15-64,T,ES,2021,73.7,d,
ESTAT:TIPSLM60(1.0),14/04/25 23:00:00,A,PC_POP,Y15-64,T,ES,2022,74.0,d,
ESTAT:TIPSLM60(1.0),14/04/25 23:00:00,A,PC_POP,Y15-64,T,ES,2023,74.5,d,
ESTAT:TIPSLM60(1.0),14/04/25 23:00:00,A,PC_POP,Y15-64,T,ES,2024,74.6,d,
ESTAT:TIPSLM60(1.0),14/04/25 23:00:00,A,PC_POP,Y15-64,T,EU27_2020,2009,69.3,,
ESTAT:TIPSLM60(1.0),14/04/25 23:00:00,A,PC_POP,Y15-64,T,EU27_2020,2010,69.7,,
ESTAT:TIPSLM60(1.0),14/04/25 23:00:00,A,PC_POP,Y15-64,T,EU27_2020,2011,69.9,,
ESTAT:TIPSLM60(1.0),14/04/25 23:00:00,A,PC_POP,Y15-64,T,EU27_2020,2012,70.4,,
ESTAT:TIPSLM60(1.0),14/04/25 23:00:00,A,PC_POP,Y15-64,T,EU27_2020,2013,70.8,,
ESTAT:TIPSLM60(1.0),14/04/25 23:00:00,A,PC_POP,Y15-64,T,EU27_2020,2014,71.2,,
ESTAT:TIPSLM60(1.0),14/04/25 23:00:00,A,PC_POP,Y15-64,T,EU27_2020,2015,71.5,,
ESTAT:TIPSLM60(1.0),14/04/25 23:00:00,A,PC_POP,Y15-64,T,EU27_2020,2016,71.9,,
ESTAT:TIPSLM60(1.0),14/04/25 23:00:00,A,PC_POP,Y15-64,T,EU27_2020,2017,72.4,,
ESTAT:TIPSLM60(1.0),14/04/25 23:00:00,A,PC_POP,Y15-64,T,EU27_2020,2018,72.8,,
ESTAT:TIPSLM60(1.0),14/04/25 23:00:00,A,PC_POP,Y15-64,T,EU27_2020,2019,73.2,,
ESTAT:TIPSLM60(1.0),14/04/25 23:00:00,A,PC_POP,Y15-64,T,EU27_2020,2020,72.4,,
ESTAT:TIPSLM60(1.0),14/04/25 23:00:00,A,PC_POP,Y15-64,T,EU27_2020,2021,73.6,,
ESTAT:TIPSLM60(1.0),14/04/25 23:00:00,A,PC_POP,Y15-64,T,EU27_2020,2022,74.5,,
ESTAT:TIPSLM60(1.0),14/04/25 23:00:00,A,PC_POP,Y15-64,T,EU27_2020,2023,75.0,,
ESTAT:TIPSLM60(1.0),14/04/25 23:00:00,A,PC_POP,Y15-64,T,EU27_2020,2024,75.4,,
ESTAT:TIPSLM60(1.0),14/04/25 23:00:00,A,PC_POP,Y15-64,T,FI,2009,74.1,,
ESTAT:TIPSLM60(1.0),14/04/25 23:00:00,A,PC_POP,Y15-64,T,FI,2010,73.5,,
ESTAT:TIPSLM60(1.0),14/04/25 23:00:00,A,PC_POP,Y15-64,T,FI,2011,74.0,,
ESTAT:TIPSLM60(1.0),14/04/25 23:00:00,A,PC_POP,Y15-64,T,FI,2012,74.4,,
ESTAT:TIPSLM60(1.0),14/04/25 23:00:00,A,PC_POP,Y15-64,T,FI,2013,74.4,,
ESTAT:TIPSLM60(1.0),14/04/25 23:00:00,A,PC_POP,Y15-64,T,FI,2014,74.6,,
ESTAT:TIPSLM60(1.0),14/04/25 23:00:00,A,PC_POP,Y15-64,T,FI,2015,74.8,,
ESTAT:TIPSLM60(1.0),14/04/25 23:00:00,A,PC_POP,Y15-64,T,FI,2016,75.0,,
ESTAT:TIPSLM60(1.0),14/04/25 23:00:00,A,PC_POP,Y15-64,T,FI,2017,75.8,,
ESTAT:TIPSLM60(1.0),14/04/25 23:00:00,A,PC_POP,Y15-64,T,FI,2018,77.0,,
ESTAT:TIPSLM60(1.0),14/04/25 23:00:00,A,PC_POP,Y15-64,T,FI,2019,77.3,,
ESTAT:TIPSLM60(1.0),14/04/25 23:00:00,A,PC_POP,Y15-64,T,FI,2020,77.3,,
ESTAT:TIPSLM60(1.0),14/04/25 23:00:00,A,PC_POP,Y15-64,T,FI,2021,78.8,,
ESTAT:TIPSLM60(1.0),14/04/25 23:00:00,A,PC_POP,Y15-64,T,FI,2022,79.8,,
ESTAT:TIPSLM60(1.0),14/04/25 23:00:00,A,PC_POP,Y15-64,T,FI,2023,79.9,,
ESTAT:TIPSLM60(1.0),14/04/25 23:00:00,A,PC_POP,Y15-64,T,FI,2024,79.4,,
ESTAT:TIPSLM60(1.0),14/04/25 23:00:00,A,PC_POP,Y15-64,T,FR,2003,70.4,,
ESTAT:TIPSLM60(1.0),14/04/25 23:00:00,A,PC_POP,Y15-64,T,FR,2004,70.5,,
ESTAT:TIPSLM60(1.0),14/04/25 23:00:00,A,PC_POP,Y15-64,T,FR,2005,70.4,,
ESTAT:TIPSLM60(1.0),14/04/25 23:00:00,A,PC_POP,Y15-64,T,FR,2006,70.4,,
ESTAT:TIPSLM60(1.0),14/04/25 23:00:00,A,PC_POP,Y15-64,T,FR,2007,70.4,,
ESTAT:TIPSLM60(1.0),14/04/25 23:00:00,A,PC_POP,Y15-64,T,FR,2008,70.6,,
ESTAT:TIPSLM60(1.0),14/04/25 23:00:00,A,PC_POP,Y15-64,T,FR,2009,70.9,,
ESTAT:TIPSLM60(1.0),14/04/25 23:00:00,A,PC_POP,Y15-64,T,FR,2010,71.0,,
ESTAT:TIPSLM60(1.0),14/04/25 23:00:00,A,PC_POP,Y15-64,T,FR,2011,70.8,,
ESTAT:TIPSLM60(1.0),14/04/25 23:00:00,A,PC_POP,Y15-64,T,FR,2012,71.4,,
ESTAT:TIPSLM60(1.0),14/04/25 23:00:00,A,PC_POP,Y15-64,T,FR,2013,71.8,,
ESTAT:TIPSLM60(1.0),14/04/25 23:00:00,A,PC_POP,Y15-64,T,FR,2014,72.0,,
ESTAT:TIPSLM60(1.0),14/04/25 23:00:00,A,PC_POP,Y15-64,T,FR,2015,72.2,,
ESTAT:TIPSLM60(1.0),14/04/25 23:00:00,A,PC_POP,Y15-64,T,FR,2016,72.3,,
ESTAT:TIPSLM60(1.0),14/04/25 23:00:00,A,PC_POP,Y15-64,T,FR,2017,72.4,,
ESTAT:TIPSLM60(1.0),14/04/25 23:00:00,A,PC_POP,Y15-64,T,FR,2018,72.8,,
ESTAT:TIPSLM60(1.0),14/04/25 23:00:00,A,PC_POP,Y15-64,T,FR,2019,72.6,,
ESTAT:TIPSLM60(1.0),14/04/25 23:00:00,A,PC_POP,Y15-64,T,FR,2020,72.0,,
ESTAT:TIPSLM60(1.0),14/04/25 23:00:00,A,PC_POP,Y15-64,T,FR,2021,73.0,d,
ESTAT:TIPSLM60(1.0),14/04/25 23:00:00,A,PC_POP,Y15-64,T,FR,2022,73.6,d,
ESTAT:TIPSLM60(1.0),14/04/25 23:00:00,A,PC_POP,Y15-64,T,FR,2023,73.9,d,
ESTAT:TIPSLM60(1.0),14/04/25 23:00:00,A,PC_POP,Y15-64,T,FR,2024,74.5,d,
ESTAT:TIPSLM60(1.0),14/04/25 23:00:00,A,PC_POP,Y15-64,T,HR,2009,65.6,,
ESTAT:TIPSLM60(1.0),14/04/25 23:00:00,A,PC_POP,Y15-64,T,HR,2010,65.1,,
ESTAT:TIPSLM60(1.0),14/04/25 23:00:00,A,PC_POP,Y15-64,T,HR,2011,64.1,,
ESTAT:TIPSLM60(1.0),14/04/25 23:00:00,A,PC_POP,Y15-64,T,HR,2012,63.9,b,
ESTAT:TIPSLM60(1.0),14/04/25 23:00:00,A,PC_POP,Y15-64,T,HR,2013,63.7,,
ESTAT:TIPSLM60(1.0),14/04/25 23:00:00,A,PC_POP,Y15-64,T,HR,2014,66.0,,
ESTAT:TIPSLM60(1.0),14/04/25 23:00:00,A,PC_POP,Y15-64,T,HR,2015,66.9,,
ESTAT:TIPSLM60(1.0),14/04/25 23:00:00,A,PC_POP,Y15-64,T,HR,2016,65.5,,
ESTAT:TIPSLM60(1.0),14/04/25 23:00:00,A,PC_POP,Y15-64,T,HR,2017,66.2,,
ESTAT:TIPSLM60(1.0),14/04/25 23:00:00,A,PC_POP,Y15-64,T,HR,2018,66.1,,
ESTAT:TIPSLM60(1.0),14/04/25 23:00:00,A,PC_POP,Y15-64,T,HR,2019,66.4,,
ESTAT:TIPSLM60(1.0),14/04/25 23:00:00,A,PC_POP,Y15-64,T,HR,2020,67.2,,
ESTAT:TIPSLM60(1.0),14/04/25 23:00:00,A,PC_POP,Y15-64,T,HR,2021,69.0,,
ESTAT:TIPSLM60(1.0),14/04/25 23:00:00,A,PC_POP,Y15-64,T,HR,2022,70.1,,
ESTAT:TIPSLM60(1.0),14/04/25 23:00:00,A,PC_POP,Y15-64,T,HR,2023,70.1,,
ESTAT:TIPSLM60(1.0),14/04/25 23:00:00,A,PC_POP,Y15-64,T,HR,2024,71.9,,
ESTAT:TIPSLM60(1.0),14/04/25 23:00:00,A,PC_POP,Y15-64,T,HU,2009,63.4,,
ESTAT:TIPSLM60(1.0),14/04/25 23:00:00,A,PC_POP,Y15-64,T,HU,2010,64.0,,
ESTAT:TIPSLM60(1.0),14/04/25 23:00:00,A,PC_POP,Y15-64,T,HU,2011,64.5,,
ESTAT:TIPSLM60(1.0),14/04/25 23:00:00,A,PC_POP,Y15-64,T,HU,2012,65.7,,
ESTAT:TIPSLM60(1.0),14/04/25 23:00:00,A,PC_POP,Y15-64,T,HU,2013,66.7,,
ESTAT:TIPSLM60(1.0),14/04/25 23:00:00,A,PC_POP,Y15-64,T,HU,2014,68.8,,
ESTAT:TIPSLM60(1.0),14/04/25 23:00:00,A,PC_POP,Y15-64,T,HU,2015,70.5,,
ESTAT:TIPSLM60(1.0),14/04/25 23:00:00,A,PC_POP,Y15-64,T,HU,2016,72.1,,
ESTAT:TIPSLM60(1.0),14/04/25 23:00:00,A,PC_POP,Y15-64,T,HU,2017,73.1,,
ESTAT:TIPSLM60(1.0),14/04/25 23:00:00,A,PC_POP,Y15-64,T,HU,2018,74.2,b,
ESTAT:TIPSLM60(1.0),14/04/25 23:00:00,A,PC_POP,Y15-64,T,HU,2019,74.9,,
ESTAT:TIPSLM60(1.0),14/04/25 23:00:00,A,PC_POP,Y15-64,T,HU,2020,75.2,,
ESTAT:TIPSLM60(1.0),14/04/25 23:00:00,A,PC_POP,Y15-64,T,HU,2021,76.3,,
ESTAT:TIPSLM60(1.0),14/04/25 23:00:00,A,PC_POP,Y15-64,T,HU,2022,77.3,,
ESTAT:TIPSLM60(1.0),14/04/25 23:00:00,A,PC_POP,Y15-64,T,HU,2023,78.2,,
ESTAT:TIPSLM60(1.0),14/04/25 23:00:00,A,PC_POP,Y15-64,T,HU,2024,78.6,,
ESTAT:TIPSLM60(1.0),14/04/25 23:00:00,A,PC_POP,Y15-64,T,IE,2009,73.0,,
ESTAT:TIPSLM60(1.0),14/04/25 23:00:00,A,PC_POP,Y15-64,T,IE,2010,71.6,,
ESTAT:TIPSLM60(1.0),14/04/25 23:00:00,A,PC_POP,Y15-64,T,IE,2011,71.2,,
ESTAT:TIPSLM60(1.0),14/04/25 23:00:00,A,PC_POP,Y15-64,T,IE,2012,71.1,,
ESTAT:TIPSLM60(1.0),14/04/25 23:00:00,A,PC_POP,Y15-64,T,IE,2013,71.8,,
ESTAT:TIPSLM60(1.0),14/04/25 23:00:00,A,PC_POP,Y15-64,T,IE,2014,71.8,,
ESTAT:TIPSLM60(1.0),14/04/25 23:00:00,A,PC_POP,Y15-64,T,IE,2015,72.0,,
ESTAT:TIPSLM60(1.0),14/04/25 23:00:00,A,PC_POP,Y15-64,T,IE,2016,72.6,,
ESTAT:TIPSLM60(1.0),14/04/25 23:00:00,A,PC_POP,Y15-64,T,IE,2017,72.6,,
ESTAT:TIPSLM60(1.0),14/04/25 23:00:00,A,PC_POP,Y15-64,T,IE,2018,72.8,,
ESTAT:TIPSLM60(1.0),14/04/25 23:00:00,A,PC_POP,Y15-64,T,IE,2019,73.2,,
ESTAT:TIPSLM60(1.0),14/04/25 23:00:00,A,PC_POP,Y15-64,T,IE,2020,70.8,,
ESTAT:TIPSLM60(1.0),14/04/25 23:00:00,A,PC_POP,Y15-64,T,IE,2021,74.6,b,
ESTAT:TIPSLM60(1.0),14/04/25 23:00:00,A,PC_POP,Y15-64,T,IE,2022,76.8,,
ESTAT:TIPSLM60(1.0),14/04/25 23:00:00,A,PC_POP,Y15-64,T,IE,2023,77.5,,
ESTAT:TIPSLM60(1.0),14/04/25 23:00:00,A,PC_POP,Y15-64,T,IE,2024,77.9,,
ESTAT:TIPSLM60(1.0),14/04/25 23:00:00,A,PC_POP,Y15-64,T,IT,2009,61.8,,
ESTAT:TIPSLM60(1.0),14/04/25 23:00:00,A,PC_POP,Y15-64,T,IT,2010,61.6,,
ESTAT:TIPSLM60(1.0),14/04/25 23:00:00,A,PC_POP,Y15-64,T,IT,2011,61.7,,
ESTAT:TIPSLM60(1.0),14/04/25 23:00:00,A,PC_POP,Y15-64,T,IT,2012,63.0,,
ESTAT:TIPSLM60(1.0),14/04/25 23:00:00,A,PC_POP,Y15-64,T,IT,2013,62.9,,
ESTAT:TIPSLM60(1.0),14/04/25 23:00:00,A,PC_POP,Y15-64,T,IT,2014,63.6,,
ESTAT:TIPSLM60(1.0),14/04/25 23:00:00,A,PC_POP,Y15-64,T,IT,2015,63.8,,
ESTAT:TIPSLM60(1.0),14/04/25 23:00:00,A,PC_POP,Y15-64,T,IT,2016,64.8,,
ESTAT:TIPSLM60(1.0),14/04/25 23:00:00,A,PC_POP,Y15-64,T,IT,2017,65.3,,
ESTAT:TIPSLM60(1.0),14/04/25 23:00:00,A,PC_POP,Y15-64,T,IT,2018,65.6,b,
ESTAT:TIPSLM60(1.0),14/04/25 23:00:00,A,PC_POP,Y15-64,T,IT,2019,65.7,,
ESTAT:TIPSLM60(1.0),14/04/25 23:00:00,A,PC_POP,Y15-64,T,IT,2020,63.5,,
ESTAT:TIPSLM60(1.0),14/04/25 23:00:00,A,PC_POP,Y15-64,T,IT,2021,64.5,,
ESTAT:TIPSLM60(1.0),14/04/25 23:00:00,A,PC_POP,Y15-64,T,IT,2022,65.5,,
ESTAT:TIPSLM60(1.0),14/04/25 23:00:00,A,PC_POP,Y15-64,T,IT,2023,66.7,,
ESTAT:TIPSLM60(1.0),14/04/25 23:00:00,A,PC_POP,Y15-64,T,IT,2024,66.6,,
ESTAT:TIPSLM60(1.0),14/04/25 23:00:00,A,PC_POP,Y15-64,T,LT,2009,69.6,,
ESTAT:TIPSLM60(1.0),14/04/25 23:00:00,A,PC_POP,Y15-64,T,LT,2010,70.2,,
ESTAT:TIPSLM60(1.0),14/04/25 23:00:00,A,PC_POP,Y15-64,T,LT,2011,71.4,,
ESTAT:TIPSLM60(1.0),14/04/25 23:00:00,A,PC_POP,Y15-64,T,LT,2012,71.8,,
ESTAT:TIPSLM60(1.0),14/04/25 23:00:00,A,PC_POP,Y15-64,T,LT,2013,72.4,,
ESTAT:TIPSLM60(1.0),14/04/25 23:00:00,A,PC_POP,Y15-64,T,LT,2014,73.7,,
ESTAT:TIPSLM60(1.0),14/04/25 23:00:00,A,PC_POP,Y15-64,T,LT,2015,74.1,,
ESTAT:TIPSLM60(1.0),14/04/25 23:00:00,A,PC_POP,Y15-64,T,LT,2016,75.5,,
ESTAT:TIPSLM60(1.0),14/04/25 23:00:00,A,PC_POP,Y15-64,T,LT,2017,75.9,,
ESTAT:TIPSLM60(1.0),14/04/25 23:00:00,A,PC_POP,Y15-64,T,LT,2018,77.3,,
ESTAT:TIPSLM60(1.0),14/04/25 23:00:00,A,PC_POP,Y15-64,T,LT,2019,78.0,,
ESTAT:TIPSLM60(1.0),14/04/25 23:00:00,A,PC_POP,Y15-64,T,LT,2020,78.5,,
ESTAT:TIPSLM60(1.0),14/04/25 23:00:00,A,PC_POP,Y15-64,T,LT,2021,78.2,,
ESTAT:TIPSLM60(1.0),14/04/25 23:00:00,A,PC_POP,Y15-64,T,LT,2022,78.6,,
ESTAT:TIPSLM60(1.0),14/04/25 23:00:00,A,PC_POP,Y15-64,T,LT,2023,78.8,,
ESTAT:TIPSLM60(1.0),14/04/25 23:00:00,A,PC_POP,Y15-64,T,LT,2024,79.5,,
ESTAT:TIPSLM60(1.0),14/04/25 23:00:00,A,PC_POP,Y15-64,T,LU,2009,68.7,,
ESTAT:TIPSLM60(1.0),14/04/25 23:00:00,A,PC_POP,Y15-64,T,LU,2010,68.2,,
ESTAT:TIPSLM60(1.0),14/04/25 23:00:00,A,PC_POP,Y15-64,T,LU,2011,67.9,,
ESTAT:TIPSLM60(1.0),14/04/25 23:00:00,A,PC_POP,Y15-64,T,LU,2012,69.4,,
ESTAT:TIPSLM60(1.0),14/04/25 23:00:00,A,PC_POP,Y15-64,T,LU,2013,69.9,,
ESTAT:TIPSLM60(1.0),14/04/25 23:00:00,A,PC_POP,Y15-64,T,LU,2014,70.8,,
ESTAT:TIPSLM60(1.0),14/04/25 23:00:00,A,PC_POP,Y15-64,T,LU,2015,70.9,b,
ESTAT:TIPSLM60(1.0),14/04/25 23:00:00,A,PC_POP,Y15-64,T,LU,2016,70.0,,
ESTAT:TIPSLM60(1.0),14/04/25 23:00:00,A,PC_POP,Y15-64,T,LU,2017,70.2,,
ESTAT:TIPSLM60(1.0),14/04/25 23:00:00,A,PC_POP,Y15-64,T,LU,2018,71.1,,
ESTAT:TIPSLM60(1.0),14/04/25 23:00:00,A,PC_POP,Y15-64,T,LU,2019,72.0,,
ESTAT:TIPSLM60(1.0),14/04/25 23:00:00,A,PC_POP,Y15-64,T,LU,2020,72.2,,
ESTAT:TIPSLM60(1.0),14/04/25 23:00:00,A,PC_POP,Y15-64,T,LU,2021,73.2,,
ESTAT:TIPSLM60(1.0),14/04/25 23:00:00,A,PC_POP,Y15-64,T,LU,2022,73.5,,
ESTAT:TIPSLM60(1.0),14/04/25 23:00:00,A,PC_POP,Y15-64,T,LU,2023,74.1,,
ESTAT:TIPSLM60(1.0),14/04/25 23:00:00,A,PC_POP,Y15-64,T,LU,2024,74.5,,
ESTAT:TIPSLM60(1.0),14/04/25 23:00:00,A,PC_POP,Y15-64,T,LV,2009,73.3,,
ESTAT:TIPSLM60(1.0),14/04/25 23:00:00,A,PC_POP,Y15-64,T,LV,2010,72.7,,
ESTAT:TIPSLM60(1.0),14/04/25 23:00:00,A,PC_POP,Y15-64,T,LV,2011,72.6,,
ESTAT:TIPSLM60(1.0),14/04/25 23:00:00,A,PC_POP,Y15-64,T,LV,2012,74.3,,
ESTAT:TIPSLM60(1.0),14/04/25 23:00:00,A,PC_POP,Y15-64,T,LV,2013,73.8,,
ESTAT:TIPSLM60(1.0),14/04/25 23:00:00,A,PC_POP,Y15-64,T,LV,2014,74.4,,
ESTAT:TIPSLM60(1.0),14/04/25 23:00:00,A,PC_POP,Y15-64,T,LV,2015,75.7,,
ESTAT:TIPSLM60(1.0),14/04/25 23:00:00,A,PC_POP,Y15-64,T,LV,2016,76.2,,
ESTAT:TIPSLM60(1.0),14/04/25 23:00:00,A,PC_POP,Y15-64,T,LV,2017,76.9,,
ESTAT:TIPSLM60(1.0),14/04/25 23:00:00,A,PC_POP,Y15-64,T,LV,2018,77.6,,
ESTAT:TIPSLM60(1.0),14/04/25 23:00:00,A,PC_POP,Y15-64,T,LV,2019,77.3,,
ESTAT:TIPSLM60(1.0),14/04/25 23:00:00,A,PC_POP,Y15-64,T,LV,2020,78.0,,
ESTAT:TIPSLM60(1.0),14/04/25 23:00:00,A,PC_POP,Y15-64,T,LV,2021,75.8,,
ESTAT:TIPSLM60(1.0),14/04/25 23:00:00,A,PC_POP,Y15-64,T,LV,2022,76.8,,
ESTAT:TIPSLM60(1.0),14/04/25 23:00:00,A,PC_POP,Y15-64,T,LV,2023,76.6,,
ESTAT:TIPSLM60(1.0),14/04/25 23:00:00,A,PC_POP,Y15-64,T,LV,2024,76.7,,
ESTAT:TIPSLM60(1.0),14/04/25 23:00:00,A,PC_POP,Y15-64,T,MT,2009,59.4,,
ESTAT:TIPSLM60(1.0),14/04/25 23:00:00,A,PC_POP,Y15-64,T,MT,2010,60.4,,
ESTAT:TIPSLM60(1.0),14/04/25 23:00:00,A,PC_POP,Y15-64,T,MT,2011,61.8,,
ESTAT:TIPSLM60(1.0),14/04/25 23:00:00,A,PC_POP,Y15-64,T,MT,2012,63.9,,
ESTAT:TIPSLM60(1.0),14/04/25 23:00:00,A,PC_POP,Y15-64,T,MT,2013,66.3,,
ESTAT:TIPSLM60(1.0),14/04/25 23:00:00,A,PC_POP,Y15-64,T,MT,2014,67.8,,
ESTAT:TIPSLM60(1.0),14/04/25 23:00:00,A,PC_POP,Y15-64,T,MT,2015,68.8,,
ESTAT:TIPSLM60(1.0),14/04/25 23:00:00,A,PC_POP,Y15-64,T,MT,2016,70.6,,
ESTAT:TIPSLM60(1.0),14/04/25 23:00:00,A,PC_POP,Y15-64,T,MT,2017,72.2,,
ESTAT:TIPSLM60(1.0),14/04/25 23:00:00,A,PC_POP,Y15-64,T,MT,2018,74.1,,
ESTAT:TIPSLM60(1.0),14/04/25 23:00:00,A,PC_POP,Y15-64,T,MT,2019,74.8,,
ESTAT:TIPSLM60(1.0),14/04/25 23:00:00,A,PC_POP,Y15-64,T,MT,2020,76.0,,
ESTAT:TIPSLM60(1.0),14/04/25 23:00:00,A,PC_POP,Y15-64,T,MT,2021,77.1,,
ESTAT:TIPSLM60(1.0),14/04/25 23:00:00,A,PC_POP,Y15-64,T,MT,2022,79.3,,
ESTAT:TIPSLM60(1.0),14/04/25 23:00:00,A,PC_POP,Y15-64,T,MT,2023,80.7,,
ESTAT:TIPSLM60(1.0),14/04/25 23:00:00,A,PC_POP,Y15-64,T,MT,2024,82.1,,
ESTAT:TIPSLM60(1.0),14/04/25 23:00:00,A,PC_POP,Y15-64,T,NL,2009,80.6,,
ESTAT:TIPSLM60(1.0),14/04/25 23:00:00,A,PC_POP,Y15-64,T,NL,2010,80.4,,
ESTAT:TIPSLM60(1.0),14/04/25 23:00:00,A,PC_POP,Y15-64,T,NL,2011,80.6,,
ESTAT:TIPSLM60(1.0),14/04/25 23:00:00,A,PC_POP,Y15-64,T,NL,2012,81.5,,
ESTAT:TIPSLM60(1.0),14/04/25 23:00:00,A,PC_POP,Y15-64,T,NL,2013,81.9,,
ESTAT:TIPSLM60(1.0),14/04/25 23:00:00,A,PC_POP,Y15-64,T,NL,2014,81.5,,
ESTAT:TIPSLM60(1.0),14/04/25 23:00:00,A,PC_POP,Y15-64,T,NL,2015,82.1,,
ESTAT:TIPSLM60(1.0),14/04/25 23:00:00,A,PC_POP,Y15-64,T,NL,2016,82.2,,
ESTAT:TIPSLM60(1.0),14/04/25 23:00:00,A,PC_POP,Y15-64,T,NL,2017,82.2,,
ESTAT:TIPSLM60(1.0),14/04/25 23:00:00,A,PC_POP,Y15-64,T,NL,2018,82.7,,
ESTAT:TIPSLM60(1.0),14/04/25 23:00:00,A,PC_POP,Y15-64,T,NL,2019,83.4,,
ESTAT:TIPSLM60(1.0),14/04/25 23:00:00,A,PC_POP,Y15-64,T,NL,2020,83.4,,
ESTAT:TIPSLM60(1.0),14/04/25 23:00:00,A,PC_POP,Y15-64,T,NL,2021,83.7,,
ESTAT:TIPSLM60(1.0),14/04/25 23:00:00,A,PC_POP,Y15-64,T,NL,2022,84.7,,
ESTAT:TIPSLM60(1.0),14/04/25 23:00:00,A,PC_POP,Y15-64,T,NL,2023,85.5,,
ESTAT:TIPSLM60(1.0),14/04/25 23:00:00,A,PC_POP,Y15-64,T,NL,2024,85.5,,
ESTAT:TIPSLM60(1.0),14/04/25 23:00:00,A,PC_POP,Y15-64,T,PL,2009,62.5,,
ESTAT:TIPSLM60(1.0),14/04/25 23:00:00,A,PC_POP,Y15-64,T,PL,2010,63.4,b,
ESTAT:TIPSLM60(1.0),14/04/25 23:00:00,A,PC_POP,Y15-64,T,PL,2011,63.9,,
ESTAT:TIPSLM60(1.0),14/04/25 23:00:00,A,PC_POP,Y15-64,T,PL,2012,64.8,,
ESTAT:TIPSLM60(1.0),14/04/25 23:00:00,A,PC_POP,Y15-64,T,PL,2013,65.4,,
ESTAT:TIPSLM60(1.0),14/04/25 23:00:00,A,PC_POP,Y15-64,T,PL,2014,66.4,,
ESTAT:TIPSLM60(1.0),14/04/25 23:00:00,A,PC_POP,Y15-64,T,PL,2015,66.8,,
ESTAT:TIPSLM60(1.0),14/04/25 23:00:00,A,PC_POP,Y15-64,T,PL,2016,67.8,,
ESTAT:TIPSLM60(1.0),14/04/25 23:00:00,A,PC_POP,Y15-64,T,PL,2017,68.7,,
ESTAT:TIPSLM60(1.0),14/04/25 23:00:00,A,PC_POP,Y15-64,T,PL,2018,69.4,,
ESTAT:TIPSLM60(1.0),14/04/25 23:00:00,A,PC_POP,Y15-64,T,PL,2019,70.1,b,
ESTAT:TIPSLM60(1.0),14/04/25 23:00:00,A,PC_POP,Y15-64,T,PL,2020,70.2,,
ESTAT:TIPSLM60(1.0),14/04/25 23:00:00,A,PC_POP,Y15-64,T,PL,2021,72.9,,
ESTAT:TIPSLM60(1.0),14/04/25 23:00:00,A,PC_POP,Y15-64,T,PL,2022,73.6,,
ESTAT:TIPSLM60(1.0),14/04/25 23:00:00,A,PC_POP,Y15-64,T,PL,2023,74.5,,
ESTAT:TIPSLM60(1.0),14/04/25 23:00:00,A,PC_POP,Y15-64,T,PL,2024,74.7,,
ESTAT:TIPSLM60(1.0),14/04/25 23:00:00,A,PC_POP,Y15-64,T,PT,2009,71.1,,
ESTAT:TIPSLM60(1.0),14/04/25 23:00:00,A,PC_POP,Y15-64,T,PT,2010,71.5,,
ESTAT:TIPSLM60(1.0),14/04/25 23:00:00,A,PC_POP,Y15-64,T,PT,2011,71.6,,
ESTAT:TIPSLM60(1.0),14/04/25 23:00:00,A,PC_POP,Y15-64,T,PT,2012,71.3,,
ESTAT:TIPSLM60(1.0),14/04/25 23:00:00,A,PC_POP,Y15-64,T,PT,2013,71.2,,
ESTAT:TIPSLM60(1.0),14/04/25 23:00:00,A,PC_POP,Y15-64,T,PT,2014,71.8,,
ESTAT:TIPSLM60(1.0),14/04/25 23:00:00,A,PC_POP,Y15-64,T,PT,2015,72.2,,
ESTAT:TIPSLM60(1.0),14/04/25 23:00:00,A,PC_POP,Y15-64,T,PT,2016,72.7,,
ESTAT:TIPSLM60(1.0),14/04/25 23:00:00,A,PC_POP,Y15-64,T,PT,2017,73.8,,
ESTAT:TIPSLM60(1.0),14/04/25 23:00:00,A,PC_POP,Y15-64,T,PT,2018,74.4,,
ESTAT:TIPSLM60(1.0),14/04/25 23:00:00,A,PC_POP,Y15-64,T,PT,2019,74.8,,
ESTAT:TIPSLM60(1.0),14/04/25 23:00:00,A,PC_POP,Y15-64,T,PT,2020,73.6,,
ESTAT:TIPSLM60(1.0),14/04/25 23:00:00,A,PC_POP,Y15-64,T,PT,2021,74.8,,
ESTAT:TIPSLM60(1.0),14/04/25 23:00:00,A,PC_POP,Y15-64,T,PT,2022,76.2,,
ESTAT:TIPSLM60(1.0),14/04/25 23:00:00,A,PC_POP,Y15-64,T,PT,2023,77.6,,
ESTAT:TIPSLM60(1.0),14/04/25 23:00:00,A,PC_POP,Y15-64,T,PT,2024,78.0,,
ESTAT:TIPSLM60(1.0),14/04/25 23:00:00,A,PC_POP,Y15-64,T,RO,2009,54.1,,
ESTAT:TIPSLM60(1.0),14/04/25 23:00:00,A,PC_POP,Y15-64,T,RO,2010,57.4,,
ESTAT:TIPSLM60(1.0),14/04/25 23:00:00,A,PC_POP,Y15-64,T,RO,2011,57.1,,
ESTAT:TIPSLM60(1.0),14/04/25 23:00:00,A,PC_POP,Y15-64,T,RO,2012,57.6,,
ESTAT:TIPSLM60(1.0),14/04/25 23:00:00,A,PC_POP,Y15-64,T,RO,2013,57.9,,
ESTAT:TIPSLM60(1.0),14/04/25 23:00:00,A,PC_POP,Y15-64,T,RO,2014,58.8,,
ESTAT:TIPSLM60(1.0),14/04/25 23:00:00,A,PC_POP,Y15-64,T,RO,2015,59.9,,
ESTAT:TIPSLM60(1.0),14/04/25 23:00:00,A,PC_POP,Y15-64,T,RO,2016,60.2,,
ESTAT:TIPSLM60(1.0),14/04/25 23:00:00,A,PC_POP,Y15-64,T,RO,2017,61.8,,
ESTAT:TIPSLM60(1.0),14/04/25 23:00:00,A,PC_POP,Y15-64,T,RO,2018,62.4,,
ESTAT:TIPSLM60(1.0),14/04/25 23:00:00,A,PC_POP,Y15-64,T,RO,2019,63.3,,
ESTAT:TIPSLM60(1.0),14/04/25 23:00:00,A,PC_POP,Y15-64,T,RO,2020,64.1,,
ESTAT:TIPSLM60(1.0),14/04/25 23:00:00,A,PC_POP,Y15-64,T,RO,2021,65.6,,
ESTAT:TIPSLM60(1.0),14/04/25 23:00:00,A,PC_POP,Y15-64,T,RO,2022,66.8,,
ESTAT:TIPSLM60(1.0),14/04/25 23:00:00,A,PC_POP,Y15-64,T,RO,2023,66.8,,
ESTAT:TIPSLM60(1.0),14/04/25 23:00:00,A,PC_POP,Y15-64,T,RO,2024,67.4,,
ESTAT:TIPSLM60(1.0),14/04/25 23:00:00,A,PC_POP,Y15-64,T,SE,2005,78.4,,
ESTAT:TIPSLM60(1.0),14/04/25 23:00:00,A,PC_POP,Y15-64,T,SE,2006,78.4,,
ESTAT:TIPSLM60(1.0),14/04/25 23:00:00,A,PC_POP,Y15-64,T,SE,2007,78.8,,
ESTAT:TIPSLM60(1.0),14/04/25 23:00:00,A,PC_POP,Y15-64,T,SE,2008,79.1,,
ESTAT:TIPSLM60(1.0),14/04/25 23:00:00,A,PC_POP,Y15-64,T,SE,2009,78.6,,
ESTAT:TIPSLM60(1.0),14/04/25 23:00:00,A,PC_POP,Y15-64,T,SE,2010,78.8,,
ESTAT:TIPSLM60(1.0),14/04/25 23:00:00,A,PC_POP,Y15-64,T,SE,2011,79.7,,
ESTAT:TIPSLM60(1.0),14/04/25 23:00:00,A,PC_POP,Y15-64,T,SE,2012,80.0,,
ESTAT:TIPSLM60(1.0),14/04/25 23:00:00,A,PC_POP,Y15-64,T,SE,2013,80.8,,
ESTAT:TIPSLM60(1.0),14/04/25 23:00:00,A,PC_POP,Y15-64,T,SE,2014,81.3,,
ESTAT:TIPSLM60(1.0),14/04/25 23:00:00,A,PC_POP,Y15-64,T,SE,2015,81.5,,
ESTAT:TIPSLM60(1.0),14/04/25 23:00:00,A,PC_POP,Y15-64,T,SE,2016,81.8,,
ESTAT:TIPSLM60(1.0),14/04/25 23:00:00,A,PC_POP,Y15-64,T,SE,2017,82.2,,
ESTAT:TIPSLM60(1.0),14/04/25 23:00:00,A,PC_POP,Y15-64,T,SE,2018,82.5,,
ESTAT:TIPSLM60(1.0),14/04/25 23:00:00,A,PC_POP,Y15-64,T,SE,2019,82.6,,
ESTAT:TIPSLM60(1.0),14/04/25 23:00:00,A,PC_POP,Y15-64,T,SE,2020,82.1,,
ESTAT:TIPSLM60(1.0),14/04/25 23:00:00,A,PC_POP,Y15-64,T,SE,2021,82.6,,
ESTAT:TIPSLM60(1.0),14/04/25 23:00:00,A,PC_POP,Y15-64,T,SE,2022,83.3,,
ESTAT:TIPSLM60(1.0),14/04/25 23:00:00,A,PC_POP,Y15-64,T,SE,2023,84.0,,
ESTAT:TIPSLM60(1.0),14/04/25 23:00:00,A,PC_POP,Y15-64,T,SE,2024,83.8,,
ESTAT:TIPSLM60(1.0),14/04/25 23:00:00,A,PC_POP,Y15-64,T,SI,2009,71.4,,
ESTAT:TIPSLM60(1.0),14/04/25 23:00:00,A,PC_POP,Y15-64,T,SI,2010,70.8,,
ESTAT:TIPSLM60(1.0),14/04/25 23:00:00,A,PC_POP,Y15-64,T,SI,2011,69.7,,
ESTAT:TIPSLM60(1.0),14/04/25 23:00:00,A,PC_POP,Y15-64,T,SI,2012,69.8,,
ESTAT:TIPSLM60(1.0),14/04/25 23:00:00,A,PC_POP,Y15-64,T,SI,2013,70.0,,
ESTAT:TIPSLM60(1.0),14/04/25 23:00:00,A,PC_POP,Y15-64,T,SI,2014,70.4,,
ESTAT:TIPSLM60(1.0),14/04/25 23:00:00,A,PC_POP,Y15-64,T,SI,2015,71.2,,
ESTAT:TIPSLM60(1.0),14/04/25 23:00:00,A,PC_POP,Y15-64,T,SI,2016,71.1,,
ESTAT:TIPSLM60(1.0),14/04/25 23:00:00,A,PC_POP,Y15-64,T,SI,2017,73.6,,
ESTAT:TIPSLM60(1.0),14/04/25 23:00:00,A,PC_POP,Y15-64,T,SI,2018,74.4,,
ESTAT:TIPSLM60(1.0),14/04/25 23:00:00,A,PC_POP,Y15-64,T,SI,2019,74.6,,
ESTAT:TIPSLM60(1.0),14/04/25 23:00:00,A,PC_POP,Y15-64,T,SI,2020,73.8,,
ESTAT:TIPSLM60(1.0),14/04/25 23:00:00,A,PC_POP,Y15-64,T,SI,2021,75.0,,
ESTAT:TIPSLM60(1.0),14/04/25 23:00:00,A,PC_POP,Y15-64,T,SI,2022,76.2,,
ESTAT:TIPSLM60(1.0),14/04/25 23:00:00,A,PC_POP,Y15-64,T,SI,2023,75.2,,
ESTAT:TIPSLM60(1.0),14/04/25 23:00:00,A,PC_POP,Y15-64,T,SI,2024,75.9,,
ESTAT:TIPSLM60(1.0),14/04/25 23:00:00,A,PC_POP,Y15-64,T,SK,2009,70.3,,
ESTAT:TIPSLM60(1.0),14/04/25 23:00:00,A,PC_POP,Y15-64,T,SK,2010,70.5,,
ESTAT:TIPSLM60(1.0),14/04/25 23:00:00,A,PC_POP,Y15-64,T,SK,2011,70.6,b,
ESTAT:TIPSLM60(1.0),14/04/25 23:00:00,A,PC_POP,Y15-64,T,SK,2012,71.3,,
ESTAT:TIPSLM60(1.0),14/04/25 23:00:00,A,PC_POP,Y15-64,T,SK,2013,71.8,,
ESTAT:TIPSLM60(1.0),14/04/25 23:00:00,A,PC_POP,Y15-64,T,SK,2014,72.2,,
ESTAT:TIPSLM60(1.0),14/04/25 23:00:00,A,PC_POP,Y15-64,T,SK,2015,72.9,,
ESTAT:TIPSLM60(1.0),14/04/25 23:00:00,A,PC_POP,Y15-64,T,SK,2016,73.9,,
ESTAT:TIPSLM60(1.0),14/04/25 23:00:00,A,PC_POP,Y15-64,T,SK,2017,74.1,,
ESTAT:TIPSLM60(1.0),14/04/25 23:00:00,A,PC_POP,Y15-64,T,SK,2018,74.4,,
ESTAT:TIPSLM60(1.0),14/04/25 23:00:00,A,PC_POP,Y15-64,T,SK,2019,74.7,,
ESTAT:TIPSLM60(1.0),14/04/25 23:00:00,A,PC_POP,Y15-64,T,SK,2020,74.5,,
ESTAT:TIPSLM60(1.0),14/04/25 23:00:00,A,PC_POP,Y15-64,T,SK,2021,74.6,,
ESTAT:TIPSLM60(1.0),14/04/25 23:00:00,A,PC_POP,Y15-64,T,SK,2022,76.1,,
ESTAT:TIPSLM60(1.0),14/04/25 23:00:00,A,PC_POP,Y15-64,T,SK,2023,76.5,,
ESTAT:TIPSLM60(1.0),14/04/25 23:00:00,A,PC_POP,Y15-64,T,SK,2024,76.6,,
ESTAT:TIPSLM60(1.0),14/04/25 23:00:00,A,PPCH_3Y,Y15-64,T,AT,2012,0.8,,
ESTAT:TIPSLM60(1.0),14/04/25 23:00:00,A,PPCH_3Y,Y15-64,T,AT,2013,1.1,,
ESTAT:TIPSLM60(1.0),14/04/25 23:00:00,A,PPCH_3Y,Y15-64,T,AT,2014,0.9,,
ESTAT:TIPSLM60(1.0),14/04/25 23:00:00,A,PPCH_3Y,Y15-64,T,AT,2015,0.4,,
ESTAT:TIPSLM60(1.0),14/04/25 23:00:00,A,PPCH_3Y,Y15-64,T,AT,2016,0.8,,
ESTAT:TIPSLM60(1.0),14/04/25 23:00:00,A,PPCH_3Y,Y15-64,T,AT,2017,1.1,,
ESTAT:TIPSLM60(1.0),14/04/25 23:00:00,A,PPCH_3Y,Y15-64,T,AT,2018,1.3,,
ESTAT:TIPSLM60(1.0),14/04/25 23:00:00,A,PPCH_3Y,Y15-64,T,AT,2019,0.7,,
ESTAT:TIPSLM60(1.0),14/04/25 23:00:00,A,PPCH_3Y,Y15-64,T,AT,2020,-0.4,,
ESTAT:TIPSLM60(1.0),14/04/25 23:00:00,A,PPCH_3Y,Y15-64,T,AT,2021,0.1,,
ESTAT:TIPSLM60(1.0),14/04/25 23:00:00,A,PPCH_3Y,Y15-64,T,AT,2022,0.5,,
ESTAT:TIPSLM60(1.0),14/04/25 23:00:00,A,PPCH_3Y,Y15-64,T,AT,2023,1.8,,
ESTAT:TIPSLM60(1.0),14/04/25 23:00:00,A,PPCH_3Y,Y15-64,T,AT,2024,1.0,,
ESTAT:TIPSLM60(1.0),14/04/25 23:00:00,A,PPCH_3Y,Y15-64,T,BE,2012,0.0,,
ESTAT:TIPSLM60(1.0),14/04/25 23:00:00,A,PPCH_3Y,Y15-64,T,BE,2013,-0.1,,
ESTAT:TIPSLM60(1.0),14/04/25 23:00:00,A,PPCH_3Y,Y15-64,T,BE,2014,1.0,,
ESTAT:TIPSLM60(1.0),14/04/25 23:00:00,A,PPCH_3Y,Y15-64,T,BE,2015,0.7,,
ESTAT:TIPSLM60(1.0),14/04/25 23:00:00,A,PPCH_3Y,Y15-64,T,BE,2016,0.1,,
ESTAT:TIPSLM60(1.0),14/04/25 23:00:00,A,PPCH_3Y,Y15-64,T,BE,2017,0.2,b,
ESTAT:TIPSLM60(1.0),14/04/25 23:00:00,A,PPCH_3Y,Y15-64,T,BE,2018,0.9,,
ESTAT:TIPSLM60(1.0),14/04/25 23:00:00,A,PPCH_3Y,Y15-64,T,BE,2019,1.4,,
ESTAT:TIPSLM60(1.0),14/04/25 23:00:00,A,PPCH_3Y,Y15-64,T,BE,2020,0.4,b,
ESTAT:TIPSLM60(1.0),14/04/25 23:00:00,A,PPCH_3Y,Y15-64,T,BE,2021,1.1,,
ESTAT:TIPSLM60(1.0),14/04/25 23:00:00,A,PPCH_3Y,Y15-64,T,BE,2022,1.4,,
ESTAT:TIPSLM60(1.0),14/04/25 23:00:00,A,PPCH_3Y,Y15-64,T,BE,2023,2.1,,
ESTAT:TIPSLM60(1.0),14/04/25 23:00:00,A,PPCH_3Y,Y15-64,T,BE,2024,1.1,,
ESTAT:TIPSLM60(1.0),14/04/25 23:00:00,A,PPCH_3Y,Y15-64,T,BG,2012,0.0,,
ESTAT:TIPSLM60(1.0),14/04/25 23:00:00,A,PPCH_3Y,Y15-64,T,BG,2013,1.7,b,
ESTAT:TIPSLM60(1.0),14/04/25 23:00:00,A,PPCH_3Y,Y15-64,T,BG,2014,3.1,b,
ESTAT:TIPSLM60(1.0),14/04/25 23:00:00,A,PPCH_3Y,Y15-64,T,BG,2015,2.2,,
ESTAT:TIPSLM60(1.0),14/04/25 23:00:00,A,PPCH_3Y,Y15-64,T,BG,2016,0.4,,
ESTAT:TIPSLM60(1.0),14/04/25 23:00:00,A,PPCH_3Y,Y15-64,T,BG,2017,2.3,,
ESTAT:TIPSLM60(1.0),14/04/25 23:00:00,A,PPCH_3Y,Y15-64,T,BG,2018,2.2,,
ESTAT:TIPSLM60(1.0),14/04/25 23:00:00,A,PPCH_3Y,Y15-64,T,BG,2019,5.0,b,
ESTAT:TIPSLM60(1.0),14/04/25 23:00:00,A,PPCH_3Y,Y15-64,T,BG,2020,1.4,,
ESTAT:TIPSLM60(1.0),14/04/25 23:00:00,A,PPCH_3Y,Y15-64,T,BG,2021,0.9,,
ESTAT:TIPSLM60(1.0),14/04/25 23:00:00,A,PPCH_3Y,Y15-64,T,BG,2022,0.1,b,
ESTAT:TIPSLM60(1.0),14/04/25 23:00:00,A,PPCH_3Y,Y15-64,T,BG,2023,1.3,,
ESTAT:TIPSLM60(1.0),14/04/25 23:00:00,A,PPCH_3Y,Y15-64,T,BG,2024,1.7,,
ESTAT:TIPSLM60(1.0),14/04/25 23:00:00,A,PPCH_3Y,Y15-64,T,CY,2012,0.5,,
ESTAT:TIPSLM60(1.0),14/04/25 23:00:00,A,PPCH_3Y,Y15-64,T,CY,2013,0.0,,
ESTAT:TIPSLM60(1.0),14/04/25 23:00:00,A,PPCH_3Y,Y15-64,T,CY,2014,0.8,,
ESTAT:TIPSLM60(1.0),14/04/25 23:00:00,A,PPCH_3Y,Y15-64,T,CY,2015,0.4,,
ESTAT:TIPSLM60(1.0),14/04/25 23:00:00,A,PPCH_3Y,Y15-64,T,CY,2016,-0.2,,
ESTAT:TIPSLM60(1.0),14/04/25 23:00:00,A,PPCH_3Y,Y15-64,T,CY,2017,-0.4,,
ESTAT:TIPSLM60(1.0),14/04/25 23:00:00,A,PPCH_3Y,Y15-64,T,CY,2018,1.1,,
ESTAT:TIPSLM60(1.0),14/04/25 23:00:00,A,PPCH_3Y,Y15-64,T,CY,2019,3.7,,
ESTAT:TIPSLM60(1.0),14/04/25 23:00:00,A,PPCH_3Y,Y15-64,T,CY,2020,3.0,,
ESTAT:TIPSLM60(1.0),14/04/25 23:00:00,A,PPCH_3Y,Y15-64,T,CY,2021,2.7,,
ESTAT:TIPSLM60(1.0),14/04/25 23:00:00,A,PPCH_3Y,Y15-64,T,CY,2022,2.1,,
ESTAT:TIPSLM60(1.0),14/04/25 23:00:00,A,PPCH_3Y,Y15-64,T,CY,2023,3.1,,
ESTAT:TIPSLM60(1.0),14/04/25 23:00:00,A,PPCH_3Y,Y15-64,T,CY,2024,1.8,,
ESTAT:TIPSLM60(1.0),14/04/25 23:00:00,A,PPCH_3Y,Y15-64,T,CZ,2012,1.5,,
ESTAT:TIPSLM60(1.0),14/04/25 23:00:00,A,PPCH_3Y,Y15-64,T,CZ,2013,2.7,,
ESTAT:TIPSLM60(1.0),14/04/25 23:00:00,A,PPCH_3Y,Y15-64,T,CZ,2014,3.0,b,
ESTAT:TIPSLM60(1.0),14/04/25 23:00:00,A,PPCH_3Y,Y15-64,T,CZ,2015,2.4,,
ESTAT:TIPSLM60(1.0),14/04/25 23:00:00,A,PPCH_3Y,Y15-64,T,CZ,2016,2.1,,
ESTAT:TIPSLM60(1.0),14/04/25 23:00:00,A,PPCH_3Y,Y15-64,T,CZ,2017,2.4,,
ESTAT:TIPSLM60(1.0),14/04/25 23:00:00,A,PPCH_3Y,Y15-64,T,CZ,2018,2.6,,
ESTAT:TIPSLM60(1.0),14/04/25 23:00:00,A,PPCH_3Y,Y15-64,T,CZ,2019,1.7,,
ESTAT:TIPSLM60(1.0),14/04/25 23:00:00,A,PPCH_3Y,Y15-64,T,CZ,2020,0.5,,
ESTAT:TIPSLM60(1.0),14/04/25 23:00:00,A,PPCH_3Y,Y15-64,T,CZ,2021,0.0,,
ESTAT:TIPSLM60(1.0),14/04/25 23:00:00,A,PPCH_3Y,Y15-64,T,CZ,2022,0.5,,
ESTAT:TIPSLM60(1.0),14/04/25 23:00:00,A,PPCH_3Y,Y15-64,T,CZ,2023,0.7,,
ESTAT:TIPSLM60(1.0),14/04/25 23:00:00,A,PPCH_3Y,Y15-64,T,CZ,2024,0.9,,
ESTAT:TIPSLM60(1.0),14/04/25 23:00:00,A,PPCH_3Y,Y15-64,T,DE,2012,1.0,,
ESTAT:TIPSLM60(1.0),14/04/25 23:00:00,A,PPCH_3Y,Y15-64,T,DE,2013,1.0,b,
ESTAT:TIPSLM60(1.0),14/04/25 23:00:00,A,PPCH_3Y,Y15-64,T,DE,2014,0.5,b,
ESTAT:TIPSLM60(1.0),14/04/25 23:00:00,A,PPCH_3Y,Y15-64,T,DE,2015,0.4,,
ESTAT:TIPSLM60(1.0),14/04/25 23:00:00,A,PPCH_3Y,Y15-64,T,DE,2016,0.3,,
ESTAT:TIPSLM60(1.0),14/04/25 23:00:00,A,PPCH_3Y,Y15-64,T,DE,2017,0.5,,
ESTAT:TIPSLM60(1.0),14/04/25 23:00:00,A,PPCH_3Y,Y15-64,T,DE,2018,1.1,,
ESTAT:TIPSLM60(1.0),14/04/25 23:00:00,A,PPCH_3Y,Y15-64,T,DE,2019,1.3,,
ESTAT:TIPSLM60(1.0),14/04/25 23:00:00,A,PPCH_3Y,Y15-64,T,DE,2020,0.3,b,
ESTAT:TIPSLM60(1.0),14/04/25 23:00:00,A,PPCH_3Y,Y15-64,T,DE,2021,1.0,,
ESTAT:TIPSLM60(1.0),14/04/25 23:00:00,A,PPCH_3Y,Y15-64,T,DE,2022,1.3,,
ESTAT:TIPSLM60(1.0),14/04/25 23:00:00,A,PPCH_3Y,Y15-64,T,DE,2023,2.4,b,
ESTAT:TIPSLM60(1.0),14/04/25 23:00:00,A,PPCH_3Y,Y15-64,T,DE,2024,1.7,,
ESTAT:TIPSLM60(1.0),14/04/25 23:00:00,A,PPCH_3Y,Y15-64,T,DK,2012,-1.5,,
ESTAT:TIPSLM60(1.0),14/04/25 23:00:00,A,PPCH_3Y,Y15-64,T,DK,2013,-1.4,,
ESTAT:TIPSLM60(1.0),14/04/25 23:00:00,A,PPCH_3Y,Y15-64,T,DK,2014,-1.2,,
ESTAT:TIPSLM60(1.0),14/04/25 23:00:00,A,PPCH_3Y,Y15-64,T,DK,2015,-0.3,,
ESTAT:TIPSLM60(1.0),14/04/25 23:00:00,A,PPCH_3Y,Y15-64,T,DK,2016,0.9,b,
ESTAT:TIPSLM60(1.0),14/04/25 23:00:00,A,PPCH_3Y,Y15-64,T,DK,2017,1.3,b,
ESTAT:TIPSLM60(1.0),14/04/25 23:00:00,A,PPCH_3Y,Y15-64,T,DK,2018,1.3,,
ESTAT:TIPSLM60(1.0),14/04/25 23:00:00,A,PPCH_3Y,Y15-64,T,DK,2019,1.6,b,
ESTAT:TIPSLM60(1.0),14/04/25 23:00:00,A,PPCH_3Y,Y15-64,T,DK,2020,1.1,b,
ESTAT:TIPSLM60(1.0),14/04/25 23:00:00,A,PPCH_3Y,Y15-64,T,DK,2021,1.4,,
ESTAT:TIPSLM60(1.0),14/04/25 23:00:00,A,PPCH_3Y,Y15-64,T,DK,2022,1.3,,
ESTAT:TIPSLM60(1.0),14/04/25 23:00:00,A,PPCH_3Y,Y15-64,T,DK,2023,1.8,b,
ESTAT:TIPSLM60(1.0),14/04/25 23:00:00,A,PPCH_3Y,Y15-64,T,DK,2024,2.8,,
ESTAT:TIPSLM60(1.0),14/04/25 23:00:00,A,PPCH_3Y,Y15-64,T,EA20,2012,0.7,,
ESTAT:TIPSLM60(1.0),14/04/25 23:00:00,A,PPCH_3Y,Y15-64,T,EA20,2013,0.8,,
ESTAT:TIPSLM60(1.0),14/04/25 23:00:00,A,PPCH_3Y,Y15-64,T,EA20,2014,1.0,,
ESTAT:TIPSLM60(1.0),14/04/25 23:00:00,A,PPCH_3Y,Y15-64,T,EA20,2015,0.7,,
ESTAT:TIPSLM60(1.0),14/04/25 23:00:00,A,PPCH_3Y,Y15-64,T,EA20,2016,0.8,,
ESTAT:TIPSLM60(1.0),14/04/25 23:00:00,A,PPCH_3Y,Y15-64,T,EA20,2017,0.8,,
ESTAT:TIPSLM60(1.0),14/04/25 23:00:00,A,PPCH_3Y,Y15-64,T,EA20,2018,0.9,,
ESTAT:TIPSLM60(1.0),14/04/25 23:00:00,A,PPCH_3Y,Y15-64,T,EA20,2019,0.9,,
ESTAT:TIPSLM60(1.0),14/04/25 23:00:00,A,PPCH_3Y,Y15-64,T,EA20,2020,-0.5,,
ESTAT:TIPSLM60(1.0),14/04/25 23:00:00,A,PPCH_3Y,Y15-64,T,EA20,2021,0.3,,
ESTAT:TIPSLM60(1.0),14/04/25 23:00:00,A,PPCH_3Y,Y15-64,T,EA20,2022,0.9,,
ESTAT:TIPSLM60(1.0),14/04/25 23:00:00,A,PPCH_3Y,Y15-64,T,EA20,2023,2.5,,
ESTAT:TIPSLM60(1.0),14/04/25 23:00:00,A,PPCH_3Y,Y15-64,T,EA20,2024,1.8,,
ESTAT:TIPSLM60(1.0),14/04/25 23:00:00,A,PPCH_3Y,Y15-64,T,EE,2012,1.1,,
ESTAT:TIPSLM60(1.0),14/04/25 23:00:00,A,PPCH_3Y,Y15-64,T,EE,2013,1.2,,
ESTAT:TIPSLM60(1.0),14/04/25 23:00:00,A,PPCH_3Y,Y15-64,T,EE,2014,0.7,,
ESTAT:TIPSLM60(1.0),14/04/25 23:00:00,A,PPCH_3Y,Y15-64,T,EE,2015,1.4,,
ESTAT:TIPSLM60(1.0),14/04/25 23:00:00,A,PPCH_3Y,Y15-64,T,EE,2016,2.1,,
ESTAT:TIPSLM60(1.0),14/04/25 23:00:00,A,PPCH_3Y,Y15-64,T,EE,2017,3.3,,
ESTAT:TIPSLM60(1.0),14/04/25 23:00:00,A,PPCH_3Y,Y15-64,T,EE,2018,2.3,,
ESTAT:TIPSLM60(1.0),14/04/25 23:00:00,A,PPCH_3Y,Y15-64,T,EE,2019,1.3,,
ESTAT:TIPSLM60(1.0),14/04/25 23:00:00,A,PPCH_3Y,Y15-64,T,EE,2020,0.4,,
ESTAT:TIPSLM60(1.0),14/04/25 23:00:00,A,PPCH_3Y,Y15-64,T,EE,2021,-0.2,,
ESTAT:TIPSLM60(1.0),14/04/25 23:00:00,A,PPCH_3Y,Y15-64,T,EE,2022,2.0,,
ESTAT:TIPSLM60(1.0),14/04/25 23:00:00,A,PPCH_3Y,Y15-64,T,EE,2023,2.0,,
ESTAT:TIPSLM60(1.0),14/04/25 23:00:00,A,PPCH_3Y,Y15-64,T,EE,2024,3.1,,
ESTAT:TIPSLM60(1.0),14/04/25 23:00:00,A,PPCH_3Y,Y15-64,T,EL,2012,-0.1,,
ESTAT:TIPSLM60(1.0),14/04/25 23:00:00,A,PPCH_3Y,Y15-64,T,EL,2013,-0.3,,
ESTAT:TIPSLM60(1.0),14/04/25 23:00:00,A,PPCH_3Y,Y15-64,T,EL,2014,0.2,,
ESTAT:TIPSLM60(1.0),14/04/25 23:00:00,A,PPCH_3Y,Y15-64,T,EL,2015,0.4,,
ESTAT:TIPSLM60(1.0),14/04/25 23:00:00,A,PPCH_3Y,Y15-64,T,EL,2016,0.8,,
ESTAT:TIPSLM60(1.0),14/04/25 23:00:00,A,PPCH_3Y,Y15-64,T,EL,2017,0.9,,
ESTAT:TIPSLM60(1.0),14/04/25 23:00:00,A,PPCH_3Y,Y15-64,T,EL,2018,0.4,,
ESTAT:TIPSLM60(1.0),14/04/25 23:00:00,A,PPCH_3Y,Y15-64,T,EL,2019,0.3,,
ESTAT:TIPSLM60(1.0),14/04/25 23:00:00,A,PPCH_3Y,Y15-64,T,EL,2020,-2.9,,
ESTAT:TIPSLM60(1.0),14/04/25 23:00:00,A,PPCH_3Y,Y15-64,T,EL,2021,-0.8,,
ESTAT:TIPSLM60(1.0),14/04/25 23:00:00,A,PPCH_3Y,Y15-64,T,EL,2022,0.9,,
ESTAT:TIPSLM60(1.0),14/04/25 23:00:00,A,PPCH_3Y,Y15-64,T,EL,2023,4.2,,
ESTAT:TIPSLM60(1.0),14/04/25 23:00:00,A,PPCH_3Y,Y15-64,T,EL,2024,3.2,,
ESTAT:TIPSLM60(1.0),14/04/25 23:00:00,A,PPCH_3Y,Y15-64,T,ES,2012,1.2,,
ESTAT:TIPSLM60(1.0),14/04/25 23:00:00,A,PPCH_3Y,Y15-64,T,ES,2013,0.8,,
ESTAT:TIPSLM60(1.0),14/04/25 23:00:00,A,PPCH_3Y,Y15-64,T,ES,2014,0.3,,
ESTAT:TIPSLM60(1.0),14/04/25 23:00:00,A,PPCH_3Y,Y15-64,T,ES,2015,0.0,,
ESTAT:TIPSLM60(1.0),14/04/25 23:00:00,A,PPCH_3Y,Y15-64,T,ES,2016,-0.1,,
ESTAT:TIPSLM60(1.0),14/04/25 23:00:00,A,PPCH_3Y,Y15-64,T,ES,2017,-0.3,,
ESTAT:TIPSLM60(1.0),14/04/25 23:00:00,A,PPCH_3Y,Y15-64,T,ES,2018,-0.6,,
ESTAT:TIPSLM60(1.0),14/04/25 23:00:00,A,PPCH_3Y,Y15-64,T,ES,2019,-0.4,,
ESTAT:TIPSLM60(1.0),14/04/25 23:00:00,A,PPCH_3Y,Y15-64,T,ES,2020,-1.7,,
ESTAT:TIPSLM60(1.0),14/04/25 23:00:00,A,PPCH_3Y,Y15-64,T,ES,2021,0.0,d,
ESTAT:TIPSLM60(1.0),14/04/25 23:00:00,A,PPCH_3Y,Y15-64,T,ES,2022,0.2,d,
ESTAT:TIPSLM60(1.0),14/04/25 23:00:00,A,PPCH_3Y,Y15-64,T,ES,2023,2.3,d,
ESTAT:TIPSLM60(1.0),14/04/25 23:00:00,A,PPCH_3Y,Y15-64,T,ES,2024,0.9,d,
ESTAT:TIPSLM60(1.0),14/04/25 23:00:00,A,PPCH_3Y,Y15-64,T,EU27_2020,2012,1.1,,
ESTAT:TIPSLM60(1.0),14/04/25 23:00:00,A,PPCH_3Y,Y15-64,T,EU27_2020,2013,1.1,,
ESTAT:TIPSLM60(1.0),14/04/25 23:00:00,A,PPCH_3Y,Y15-64,T,EU27_2020,2014,1.3,,
ESTAT:TIPSLM60(1.0),14/04/25 23:00:00,A,PPCH_3Y,Y15-64,T,EU27_2020,2015,1.1,,
ESTAT:TIPSLM60(1.0),14/04/25 23:00:00,A,PPCH_3Y,Y15-64,T,EU27_2020,2016,1.1,,
ESTAT:TIPSLM60(1.0),14/04/25 23:00:00,A,PPCH_3Y,Y15-64,T,EU27_2020,2017,1.2,,
ESTAT:TIPSLM60(1.0),14/04/25 23:00:00,A,PPCH_3Y,Y15-64,T,EU27_2020,2018,1.3,,
ESTAT:TIPSLM60(1.0),14/04/25 23:00:00,A,PPCH_3Y,Y15-64,T,EU27_2020,2019,1.3,,
ESTAT:TIPSLM60(1.0),14/04/25 23:00:00,A,PPCH_3Y,Y15-64,T,EU27_2020,2020,0.0,,
ESTAT:TIPSLM60(1.0),14/04/25 23:00:00,A,PPCH_3Y,Y15-64,T,EU27_2020,2021,0.8,,
ESTAT:TIPSLM60(1.0),14/04/25 23:00:00,A,PPCH_3Y,Y15-64,T,EU27_2020,2022,1.3,,
ESTAT:TIPSLM60(1.0),14/04/25 23:00:00,A,PPCH_3Y,Y15-64,T,EU27_2020,2023,2.6,,
ESTAT:TIPSLM60(1.0),14/04/25 23:00:00,A,PPCH_3Y,Y15-64,T,EU27_2020,2024,1.8,,
ESTAT:TIPSLM60(1.0),14/04/25 23:00:00,A,PPCH_3Y,Y15-64,T,FI,2012,0.3,,
ESTAT:TIPSLM60(1.0),14/04/25 23:00:00,A,PPCH_3Y,Y15-64,T,FI,2013,0.9,,
ESTAT:TIPSLM60(1.0),14/04/25 23:00:00,A,PPCH_3Y,Y15-64,T,FI,2014,0.6,,
ESTAT:TIPSLM60(1.0),14/04/25 23:00:00,A,PPCH_3Y,Y15-64,T,FI,2015,0.4,,
ESTAT:TIPSLM60(1.0),14/04/25 23:00:00,A,PPCH_3Y,Y15-64,T,FI,2016,0.6,,
ESTAT:TIPSLM60(1.0),14/04/25 23:00:00,A,PPCH_3Y,Y15-64,T,FI,2017,1.2,,
ESTAT:TIPSLM60(1.0),14/04/25 23:00:00,A,PPCH_3Y,Y15-64,T,FI,2018,2.2,,
ESTAT:TIPSLM60(1.0),14/04/25 23:00:00,A,PPCH_3Y,Y15-64,T,FI,2019,2.3,,
ESTAT:TIPSLM60(1.0),14/04/25 23:00:00,A,PPCH_3Y,Y15-64,T,FI,2020,1.5,,
ESTAT:TIPSLM60(1.0),14/04/25 23:00:00,A,PPCH_3Y,Y15-64,T,FI,2021,1.8,,
ESTAT:TIPSLM60(1.0),14/04/25 23:00:00,A,PPCH_3Y,Y15-64,T,FI,2022,2.5,,
ESTAT:TIPSLM60(1.0),14/04/25 23:00:00,A,PPCH_3Y,Y15-64,T,FI,2023,2.6,,
ESTAT:TIPSLM60(1.0),14/04/25 23:00:00,A,PPCH_3Y,Y15-64,T,FI,2024,0.6,,
ESTAT:TIPSLM60(1.0),14/04/25 23:00:00,A,PPCH_3Y,Y15-64,T,FR,2006,0.0,,
ESTAT:TIPSLM60(1.0),14/04/25 23:00:00,A,PPCH_3Y,Y15-64,T,FR,2007,-0.1,,
ESTAT:TIPSLM60(1.0),14/04/25 23:00:00,A,PPCH_3Y,Y15-64,T,FR,2008,0.2,,
ESTAT:TIPSLM60(1.0),14/04/25 23:00:00,A,PPCH_3Y,Y15-64,T,FR,2009,0.5,,
ESTAT:TIPSLM60(1.0),14/04/25 23:00:00,A,PPCH_3Y,Y15-64,T,FR,2010,0.6,,
ESTAT:TIPSLM60(1.0),14/04/25 23:00:00,A,PPCH_3Y,Y15-64,T,FR,2011,0.2,,
ESTAT:TIPSLM60(1.0),14/04/25 23:00:00,A,PPCH_3Y,Y15-64,T,FR,2012,0.5,,
ESTAT:TIPSLM60(1.0),14/04/25 23:00:00,A,PPCH_3Y,Y15-64,T,FR,2013,0.8,,
ESTAT:TIPSLM60(1.0),14/04/25 23:00:00,A,PPCH_3Y,Y15-64,T,FR,2014,1.2,,
ESTAT:TIPSLM60(1.0),14/04/25 23:00:00,A,PPCH_3Y,Y15-64,T,FR,2015,0.8,,
ESTAT:TIPSLM60(1.0),14/04/25 23:00:00,A,PPCH_3Y,Y15-64,T,FR,2016,0.5,,
ESTAT:TIPSLM60(1.0),14/04/25 23:00:00,A,PPCH_3Y,Y15-64,T,FR,2017,0.4,,
ESTAT:TIPSLM60(1.0),14/04/25 23:00:00,A,PPCH_3Y,Y15-64,T,FR,2018,0.6,,
ESTAT:TIPSLM60(1.0),14/04/25 23:00:00,A,PPCH_3Y,Y15-64,T,FR,2019,0.3,,
ESTAT:TIPSLM60(1.0),14/04/25 23:00:00,A,PPCH_3Y,Y15-64,T,FR,2020,-0.4,,
ESTAT:TIPSLM60(1.0),14/04/25 23:00:00,A,PPCH_3Y,Y15-64,T,FR,2021,0.2,d,
ESTAT:TIPSLM60(1.0),14/04/25 23:00:00,A,PPCH_3Y,Y15-64,T,FR,2022,1.0,d,
ESTAT:TIPSLM60(1.0),14/04/25 23:00:00,A,PPCH_3Y,Y15-64,T,FR,2023,1.9,d,
ESTAT:TIPSLM60(1.0),14/04/25 23:00:00,A,PPCH_3Y,Y15-64,T,FR,2024,1.5,d,
ESTAT:TIPSLM60(1.0),14/04/25 23:00:00,A,PPCH_3Y,Y15-64,T,HR,2012,-1.7,b,
ESTAT:TIPSLM60(1.0),14/04/25 23:00:00,A,PPCH_3Y,Y15-64,T,HR,2013,-1.4,,
ESTAT:TIPSLM60(1.0),14/04/25 23:00:00,A,PPCH_3Y,Y15-64,T,HR,2014,1.9,,
ESTAT:TIPSLM60(1.0),14/04/25 23:00:00,A,PPCH_3Y,Y15-64,T,HR,2015,3.0,b,
ESTAT:TIPSLM60(1.0),14/04/25 23:00:00,A,PPCH_3Y,Y15-64,T,HR,2016,1.8,,
ESTAT:TIPSLM60(1.0),14/04/25 23:00:00,A,PPCH_3Y,Y15-64,T,HR,2017,0.2,,
ESTAT:TIPSLM60(1.0),14/04/25 23:00:00,A,PPCH_3Y,Y15-64,T,HR,2018,-0.8,,
ESTAT:TIPSLM60(1.0),14/04/25 23:00:00,A,PPCH_3Y,Y15-64,T,HR,2019,0.9,,
ESTAT:TIPSLM60(1.0),14/04/25 23:00:00,A,PPCH_3Y,Y15-64,T,HR,2020,1.0,,
ESTAT:TIPSLM60(1.0),14/04/25 23:00:00,A,PPCH_3Y,Y15-64,T,HR,2021,2.9,,
ESTAT:TIPSLM60(1.0),14/04/25 23:00:00,A,PPCH_3Y,Y15-64,T,HR,2022,3.7,,
ESTAT:TIPSLM60(1.0),14/04/25 23:00:00,A,PPCH_3Y,Y15-64,T,HR,2023,2.9,,
ESTAT:TIPSLM60(1.0),14/04/25 23:00:00,A,PPCH_3Y,Y15-64,T,HR,2024,2.9,,
ESTAT:TIPSLM60(1.0),14/04/25 23:00:00,A,PPCH_3Y,Y15-64,T,HU,2012,2.3,,
ESTAT:TIPSLM60(1.0),14/04/25 23:00:00,A,PPCH_3Y,Y15-64,T,HU,2013,2.7,,
ESTAT:TIPSLM60(1.0),14/04/25 23:00:00,A,PPCH_3Y,Y15-64,T,HU,2014,4.3,,
ESTAT:TIPSLM60(1.0),14/04/25 23:00:00,A,PPCH_3Y,Y15-64,T,HU,2015,4.8,,
ESTAT:TIPSLM60(1.0),14/04/25 23:00:00,A,PPCH_3Y,Y15-64,T,HU,2016,5.4,,
ESTAT:TIPSLM60(1.0),14/04/25 23:00:00,A,PPCH_3Y,Y15-64,T,HU,2017,4.3,,
ESTAT:TIPSLM60(1.0),14/04/25 23:00:00,A,PPCH_3Y,Y15-64,T,HU,2018,3.7,b,
ESTAT:TIPSLM60(1.0),14/04/25 23:00:00,A,PPCH_3Y,Y15-64,T,HU,2019,2.8,,
ESTAT:TIPSLM60(1.0),14/04/25 23:00:00,A,PPCH_3Y,Y15-64,T,HU,2020,2.1,,
ESTAT:TIPSLM60(1.0),14/04/25 23:00:00,A,PPCH_3Y,Y15-64,T,HU,2021,2.1,b,
ESTAT:TIPSLM60(1.0),14/04/25 23:00:00,A,PPCH_3Y,Y15-64,T,HU,2022,2.4,,
ESTAT:TIPSLM60(1.0),14/04/25 23:00:00,A,PPCH_3Y,Y15-64,T,HU,2023,3.0,,
ESTAT:TIPSLM60(1.0),14/04/25 23:00:00,A,PPCH_3Y,Y15-64,T,HU,2024,2.3,,
ESTAT:TIPSLM60(1.0),14/04/25 23:00:00,A,PPCH_3Y,Y15-64,T,IE,2012,-1.9,,
ESTAT:TIPSLM60(1.0),14/04/25 23:00:00,A,PPCH_3Y,Y15-64,T,IE,2013,0.2,,
ESTAT:TIPSLM60(1.0),14/04/25 23:00:00,A,PPCH_3Y,Y15-64,T,IE,2014,0.6,,
ESTAT:TIPSLM60(1.0),14/04/25 23:00:00,A,PPCH_3Y,Y15-64,T,IE,2015,0.9,,
ESTAT:TIPSLM60(1.0),14/04/25 23:00:00,A,PPCH_3Y,Y15-64,T,IE,2016,0.8,,
ESTAT:TIPSLM60(1.0),14/04/25 23:00:00,A,PPCH_3Y,Y15-64,T,IE,2017,0.8,,
ESTAT:TIPSLM60(1.0),14/04/25 23:00:00,A,PPCH_3Y,Y15-64,T,IE,2018,0.8,,
ESTAT:TIPSLM60(1.0),14/04/25 23:00:00,A,PPCH_3Y,Y15-64,T,IE,2019,0.6,,
ESTAT:TIPSLM60(1.0),14/04/25 23:00:00,A,PPCH_3Y,Y15-64,T,IE,2020,-1.8,,
ESTAT:TIPSLM60(1.0),14/04/25 23:00:00,A,PPCH_3Y,Y15-64,T,IE,2021,1.8,b,
ESTAT:TIPSLM60(1.0),14/04/25 23:00:00,A,PPCH_3Y,Y15-64,T,IE,2022,3.6,,
ESTAT:TIPSLM60(1.0),14/04/25 23:00:00,A,PPCH_3Y,Y15-64,T,IE,2023,6.7,,
ESTAT:TIPSLM60(1.0),14/04/25 23:00:00,A,PPCH_3Y,Y15-64,T,IE,2024,3.3,b,
ESTAT:TIPSLM60(1.0),14/04/25 23:00:00,A,PPCH_3Y,Y15-64,T,IT,2012,1.2,,
ESTAT:TIPSLM60(1.0),14/04/25 23:00:00,A,PPCH_3Y,Y15-64,T,IT,2013,1.3,,
ESTAT:TIPSLM60(1.0),14/04/25 23:00:00,A,PPCH_3Y,Y15-64,T,IT,2014,1.9,,
ESTAT:TIPSLM60(1.0),14/04/25 23:00:00,A,PPCH_3Y,Y15-64,T,IT,2015,0.8,,
ESTAT:TIPSLM60(1.0),14/04/25 23:00:00,A,PPCH_3Y,Y15-64,T,IT,2016,1.9,,
ESTAT:TIPSLM60(1.0),14/04/25 23:00:00,A,PPCH_3Y,Y15-64,T,IT,2017,1.7,,
ESTAT:TIPSLM60(1.0),14/04/25 23:00:00,A,PPCH_3Y,Y15-64,T,IT,2018,1.8,b,
ESTAT:TIPSLM60(1.0),14/04/25 23:00:00,A,PPCH_3Y,Y15-64,T,IT,2019,0.9,,
ESTAT:TIPSLM60(1.0),14/04/25 23:00:00,A,PPCH_3Y,Y15-64,T,IT,2020,-1.8,,
ESTAT:TIPSLM60(1.0),14/04/25 23:00:00,A,PPCH_3Y,Y15-64,T,IT,2021,-1.1,b,
ESTAT:TIPSLM60(1.0),14/04/25 23:00:00,A,PPCH_3Y,Y15-64,T,IT,2022,-0.2,,
ESTAT:TIPSLM60(1.0),14/04/25 23:00:00,A,PPCH_3Y,Y15-64,T,IT,2023,3.2,,
ESTAT:TIPSLM60(1.0),14/04/25 23:00:00,A,PPCH_3Y,Y15-64,T,IT,2024,2.1,,
ESTAT:TIPSLM60(1.0),14/04/25 23:00:00,A,PPCH_3Y,Y15-64,T,LT,2012,2.2,,
ESTAT:TIPSLM60(1.0),14/04/25 23:00:00,A,PPCH_3Y,Y15-64,T,LT,2013,2.2,,
ESTAT:TIPSLM60(1.0),14/04/25 23:00:00,A,PPCH_3Y,Y15-64,T,LT,2014,2.3,,
ESTAT:TIPSLM60(1.0),14/04/25 23:00:00,A,PPCH_3Y,Y15-64,T,LT,2015,2.3,,
ESTAT:TIPSLM60(1.0),14/04/25 23:00:00,A,PPCH_3Y,Y15-64,T,LT,2016,3.1,,
ESTAT:TIPSLM60(1.0),14/04/25 23:00:00,A,PPCH_3Y,Y15-64,T,LT,2017,2.2,,
ESTAT:TIPSLM60(1.0),14/04/25 23:00:00,A,PPCH_3Y,Y15-64,T,LT,2018,3.2,,
ESTAT:TIPSLM60(1.0),14/04/25 23:00:00,A,PPCH_3Y,Y15-64,T,LT,2019,2.5,,
ESTAT:TIPSLM60(1.0),14/04/25 23:00:00,A,PPCH_3Y,Y15-64,T,LT,2020,2.6,,
ESTAT:TIPSLM60(1.0),14/04/25 23:00:00,A,PPCH_3Y,Y15-64,T,LT,2021,0.9,,
ESTAT:TIPSLM60(1.0),14/04/25 23:00:00,A,PPCH_3Y,Y15-64,T,LT,2022,0.6,,
ESTAT:TIPSLM60(1.0),14/04/25 23:00:00,A,PPCH_3Y,Y15-64,T,LT,2023,0.3,,
ESTAT:TIPSLM60(1.0),14/04/25 23:00:00,A,PPCH_3Y,Y15-64,T,LT,2024,1.3,,
ESTAT:TIPSLM60(1.0),14/04/25 23:00:00,A,PPCH_3Y,Y15-64,T,LU,2012,0.7,,
ESTAT:TIPSLM60(1.0),14/04/25 23:00:00,A,PPCH_3Y,Y15-64,T,LU,2013,1.7,,
ESTAT:TIPSLM60(1.0),14/04/25 23:00:00,A,PPCH_3Y,Y15-64,T,LU,2014,2.9,,
ESTAT:TIPSLM60(1.0),14/04/25 23:00:00,A,PPCH_3Y,Y15-64,T,LU,2015,1.5,b,
ESTAT:TIPSLM60(1.0),14/04/25 23:00:00,A,PPCH_3Y,Y15-64,T,LU,2016,0.1,,
ESTAT:TIPSLM60(1.0),14/04/25 23:00:00,A,PPCH_3Y,Y15-64,T,LU,2017,-0.6,,
ESTAT:TIPSLM60(1.0),14/04/25 23:00:00,A,PPCH_3Y,Y15-64,T,LU,2018,0.2,b,
ESTAT:TIPSLM60(1.0),14/04/25 23:00:00,A,PPCH_3Y,Y15-64,T,LU,2019,2.0,,
ESTAT:TIPSLM60(1.0),14/04/25 23:00:00,A,PPCH_3Y,Y15-64,T,LU,2020,2.0,,
ESTAT:TIPSLM60(1.0),14/04/25 23:00:00,A,PPCH_3Y,Y15-64,T,LU,2021,2.1,,
ESTAT:TIPSLM60(1.0),14/04/25 23:00:00,A,PPCH_3Y,Y15-64,T,LU,2022,1.5,,
ESTAT:TIPSLM60(1.0),14/04/25 23:00:00,A,PPCH_3Y,Y15-64,T,LU,2023,1.9,,
ESTAT:TIPSLM60(1.0),14/04/25 23:00:00,A,PPCH_3Y,Y15-64,T,LU,2024,1.3,,
ESTAT:TIPSLM60(1.0),14/04/25 23:00:00,A,PPCH_3Y,Y15-64,T,LV,2012,1.0,,
ESTAT:TIPSLM60(1.0),14/04/25 23:00:00,A,PPCH_3Y,Y15-64,T,LV,2013,1.1,,
ESTAT:TIPSLM60(1.0),14/04/25 23:00:00,A,PPCH_3Y,Y15-64,T,LV,2014,1.8,,
ESTAT:TIPSLM60(1.0),14/04/25 23:00:00,A,PPCH_3Y,Y15-64,T,LV,2015,1.4,,
ESTAT:TIPSLM60(1.0),14/04/25 23:00:00,A,PPCH_3Y,Y15-64,T,LV,2016,2.4,,
ESTAT:TIPSLM60(1.0),14/04/25 23:00:00,A,PPCH_3Y,Y15-64,T,LV,2017,2.5,,
ESTAT:TIPSLM60(1.0),14/04/25 23:00:00,A,PPCH_3Y,Y15-64,T,LV,2018,1.9,,
ESTAT:TIPSLM60(1.0),14/04/25 23:00:00,A,PPCH_3Y,Y15-64,T,LV,2019,1.1,,
ESTAT:TIPSLM60(1.0),14/04/25 23:00:00,A,PPCH_3Y,Y15-64,T,LV,2020,1.1,,
ESTAT:TIPSLM60(1.0),14/04/25 23:00:00,A,PPCH_3Y,Y15-64,T,LV,2021,-1.8,,
ESTAT:TIPSLM60(1.0),14/04/25 23:00:00,A,PPCH_3Y,Y15-64,T,LV,2022,-0.5,,
ESTAT:TIPSLM60(1.0),14/04/25 23:00:00,A,PPCH_3Y,Y15-64,T,LV,2023,-1.4,,
ESTAT:TIPSLM60(1.0),14/04/25 23:00:00,A,PPCH_3Y,Y15-64,T,LV,2024,0.9,,
ESTAT:TIPSLM60(1.0),14/04/25 23:00:00,A,PPCH_3Y,Y15-64,T,MT,2012,4.5,,
ESTAT:TIPSLM60(1.0),14/04/25 23:00:00,A,PPCH_3Y,Y15-64,T,MT,2013,5.9,,
ESTAT:TIPSLM60(1.0),14/04/25 23:00:00,A,PPCH_3Y,Y15-64,T,MT,2014,6.0,,
ESTAT:TIPSLM60(1.0),14/04/25 23:00:00,A,PPCH_3Y,Y15-64,T,MT,2015,4.9,,
ESTAT:TIPSLM60(1.0),14/04/25 23:00:00,A,PPCH_3Y,Y15-64,T,MT,2016,4.3,,
ESTAT:TIPSLM60(1.0),14/04/25 23:00:00,A,PPCH_3Y,Y15-64,T,MT,2017,4.4,,
ESTAT:TIPSLM60(1.0),14/04/25 23:00:00,A,PPCH_3Y,Y15-64,T,MT,2018,5.3,,
ESTAT:TIPSLM60(1.0),14/04/25 23:00:00,A,PPCH_3Y,Y15-64,T,MT,2019,4.2,,
ESTAT:TIPSLM60(1.0),14/04/25 23:00:00,A,PPCH_3Y,Y15-64,T,MT,2020,3.8,,
ESTAT:TIPSLM60(1.0),14/04/25 23:00:00,A,PPCH_3Y,Y15-64,T,MT,2021,3.0,,
ESTAT:TIPSLM60(1.0),14/04/25 23:00:00,A,PPCH_3Y,Y15-64,T,MT,2022,4.5,,
ESTAT:TIPSLM60(1.0),14/04/25 23:00:00,A,PPCH_3Y,Y15-64,T,MT,2023,4.7,,
ESTAT:TIPSLM60(1.0),14/04/25 23:00:00,A,PPCH_3Y,Y15-64,T,MT,2024,5.0,,
ESTAT:TIPSLM60(1.0),14/04/25 23:00:00,A,PPCH_3Y,Y15-64,T,NL,2012,0.9,,
ESTAT:TIPSLM60(1.0),14/04/25 23:00:00,A,PPCH_3Y,Y15-64,T,NL,2013,1.5,,
ESTAT:TIPSLM60(1.0),14/04/25 23:00:00,A,PPCH_3Y,Y15-64,T,NL,2014,0.9,,
ESTAT:TIPSLM60(1.0),14/04/25 23:00:00,A,PPCH_3Y,Y15-64,T,NL,2015,0.6,,
ESTAT:TIPSLM60(1.0),14/04/25 23:00:00,A,PPCH_3Y,Y15-64,T,NL,2016,0.3,,
ESTAT:TIPSLM60(1.0),14/04/25 23:00:00,A,PPCH_3Y,Y15-64,T,NL,2017,0.7,,
ESTAT:TIPSLM60(1.0),14/04/25 23:00:00,A,PPCH_3Y,Y15-64,T,NL,2018,0.6,,
ESTAT:TIPSLM60(1.0),14/04/25 23:00:00,A,PPCH_3Y,Y15-64,T,NL,2019,1.2,,
ESTAT:TIPSLM60(1.0),14/04/25 23:00:00,A,PPCH_3Y,Y15-64,T,NL,2020,1.2,,
ESTAT:TIPSLM60(1.0),14/04/25 23:00:00,A,PPCH_3Y,Y15-64,T,NL,2021,1.0,,
ESTAT:TIPSLM60(1.0),14/04/25 23:00:00,A,PPCH_3Y,Y15-64,T,NL,2022,1.3,,
ESTAT:TIPSLM60(1.0),14/04/25 23:00:00,A,PPCH_3Y,Y15-64,T,NL,2023,2.1,,
ESTAT:TIPSLM60(1.0),14/04/25 23:00:00,A,PPCH_3Y,Y15-64,T,NL,2024,1.8,,
ESTAT:TIPSLM60(1.0),14/04/25 23:00:00,A,PPCH_3Y,Y15-64,T,PL,2012,2.3,,
ESTAT:TIPSLM60(1.0),14/04/25 23:00:00,A,PPCH_3Y,Y15-64,T,PL,2013,2.0,b,
ESTAT:TIPSLM60(1.0),14/04/25 23:00:00,A,PPCH_3Y,Y15-64,T,PL,2014,2.5,,
ESTAT:TIPSLM60(1.0),14/04/25 23:00:00,A,PPCH_3Y,Y15-64,T,PL,2015,2.0,,
ESTAT:TIPSLM60(1.0),14/04/25 23:00:00,A,PPCH_3Y,Y15-64,T,PL,2016,2.4,,
ESTAT:TIPSLM60(1.0),14/04/25 23:00:00,A,PPCH_3Y,Y15-64,T,PL,2017,2.3,,
ESTAT:TIPSLM60(1.0),14/04/25 23:00:00,A,PPCH_3Y,Y15-64,T,PL,2018,2.6,,
ESTAT:TIPSLM60(1.0),14/04/25 23:00:00,A,PPCH_3Y,Y15-64,T,PL,2019,2.3,b,
ESTAT:TIPSLM60(1.0),14/04/25 23:00:00,A,PPCH_3Y,Y15-64,T,PL,2020,1.5,,
ESTAT:TIPSLM60(1.0),14/04/25 23:00:00,A,PPCH_3Y,Y15-64,T,PL,2021,3.5,,
ESTAT:TIPSLM60(1.0),14/04/25 23:00:00,A,PPCH_3Y,Y15-64,T,PL,2022,3.5,b,
ESTAT:TIPSLM60(1.0),14/04/25 23:00:00,A,PPCH_3Y,Y15-64,T,PL,2023,4.3,,
ESTAT:TIPSLM60(1.0),14/04/25 23:00:00,A,PPCH_3Y,Y15-64,T,PL,2024,1.8,,
ESTAT:TIPSLM60(1.0),14/04/25 23:00:00,A,PPCH_3Y,Y15-64,T,PT,2012,0.2,,
ESTAT:TIPSLM60(1.0),14/04/25 23:00:00,A,PPCH_3Y,Y15-64,T,PT,2013,-0.3,,
ESTAT:TIPSLM60(1.0),14/04/25 23:00:00,A,PPCH_3Y,Y15-64,T,PT,2014,0.2,,
ESTAT:TIPSLM60(1.0),14/04/25 23:00:00,A,PPCH_3Y,Y15-64,T,PT,2015,0.9,,
ESTAT:TIPSLM60(1.0),14/04/25 23:00:00,A,PPCH_3Y,Y15-64,T,PT,2016,1.5,,
ESTAT:TIPSLM60(1.0),14/04/25 23:00:00,A,PPCH_3Y,Y15-64,T,PT,2017,2.0,,
ESTAT:TIPSLM60(1.0),14/04/25 23:00:00,A,PPCH_3Y,Y15-64,T,PT,2018,2.2,,
ESTAT:TIPSLM60(1.0),14/04/25 23:00:00,A,PPCH_3Y,Y15-64,T,PT,2019,2.1,,
ESTAT:TIPSLM60(1.0),14/04/25 23:00:00,A,PPCH_3Y,Y15-64,T,PT,2020,-0.2,,
ESTAT:TIPSLM60(1.0),14/04/25 23:00:00,A,PPCH_3Y,Y15-64,T,PT,2021,0.4,,
ESTAT:TIPSLM60(1.0),14/04/25 23:00:00,A,PPCH_3Y,Y15-64,T,PT,2022,1.4,,
ESTAT:TIPSLM60(1.0),14/04/25 23:00:00,A,PPCH_3Y,Y15-64,T,PT,2023,4.0,,
ESTAT:TIPSLM60(1.0),14/04/25 23:00:00,A,PPCH_3Y,Y15-64,T,PT,2024,3.2,,
ESTAT:TIPSLM60(1.0),14/04/25 23:00:00,A,PPCH_3Y,Y15-64,T,RO,2012,3.5,,
ESTAT:TIPSLM60(1.0),14/04/25 23:00:00,A,PPCH_3Y,Y15-64,T,RO,2013,0.5,,
ESTAT:TIPSLM60(1.0),14/04/25 23:00:00,A,PPCH_3Y,Y15-64,T,RO,2014,1.7,,
ESTAT:TIPSLM60(1.0),14/04/25 23:00:00,A,PPCH_3Y,Y15-64,T,RO,2015,2.3,,
ESTAT:TIPSLM60(1.0),14/04/25 23:00:00,A,PPCH_3Y,Y15-64,T,RO,2016,2.3,,
ESTAT:TIPSLM60(1.0),14/04/25 23:00:00,A,PPCH_3Y,Y15-64,T,RO,2017,3.0,,
ESTAT:TIPSLM60(1.0),14/04/25 23:00:00,A,PPCH_3Y,Y15-64,T,RO,2018,2.5,,
ESTAT:TIPSLM60(1.0),14/04/25 23:00:00,A,PPCH_3Y,Y15-64,T,RO,2019,3.1,,
ESTAT:TIPSLM60(1.0),14/04/25 23:00:00,A,PPCH_3Y,Y15-64,T,RO,2020,2.3,,
ESTAT:TIPSLM60(1.0),14/04/25 23:00:00,A,PPCH_3Y,Y15-64,T,RO,2021,3.2,,
ESTAT:TIPSLM60(1.0),14/04/25 23:00:00,A,PPCH_3Y,Y15-64,T,RO,2022,3.5,,
ESTAT:TIPSLM60(1.0),14/04/25 23:00:00,A,PPCH_3Y,Y15-64,T,RO,2023,2.7,,
ESTAT:TIPSLM60(1.0),14/04/25 23:00:00,A,PPCH_3Y,Y15-64,T,RO,2024,1.8,,
ESTAT:TIPSLM60(1.0),14/04/25 23:00:00,A,PPCH_3Y,Y15-64,T,SE,2008,0.7,,
ESTAT:TIPSLM60(1.0),14/04/25 23:00:00,A,PPCH_3Y,Y15-64,T,SE,2009,0.2,,
ESTAT:TIPSLM60(1.0),14/04/25 23:00:00,A,PPCH_3Y,Y15-64,T,SE,2010,0.0,,
ESTAT:TIPSLM60(1.0),14/04/25 23:00:00,A,PPCH_3Y,Y15-64,T,SE,2011,0.6,,
ESTAT:TIPSLM60(1.0),14/04/25 23:00:00,A,PPCH_3Y,Y15-64,T,SE,2012,1.4,,
ESTAT:TIPSLM60(1.0),14/04/25 23:00:00,A,PPCH_3Y,Y15-64,T,SE,2013,2.0,,
ESTAT:TIPSLM60(1.0),14/04/25 23:00:00,A,PPCH_3Y,Y15-64,T,SE,2014,1.6,,
ESTAT:TIPSLM60(1.0),14/04/25 23:00:00,A,PPCH_3Y,Y15-64,T,SE,2015,1.5,,
ESTAT:TIPSLM60(1.0),14/04/25 23:00:00,A,PPCH_3Y,Y15-64,T,SE,2016,1.0,,
ESTAT:TIPSLM60(1.0),14/04/25 23:00:00,A,PPCH_3Y,Y15-64,T,SE,2017,0.9,,
ESTAT:TIPSLM60(1.0),14/04/25 23:00:00,A,PPCH_3Y,Y15-64,T,SE,2018,1.0,,
ESTAT:TIPSLM60(1.0),14/04/25 23:00:00,A,PPCH_3Y,Y15-64,T,SE,2019,0.8,,
ESTAT:TIPSLM60(1.0),14/04/25 23:00:00,A,PPCH_3Y,Y15-64,T,SE,2020,-0.1,,
ESTAT:TIPSLM60(1.0),14/04/25 23:00:00,A,PPCH_3Y,Y15-64,T,SE,2021,0.1,,
ESTAT:TIPSLM60(1.0),14/04/25 23:00:00,A,PPCH_3Y,Y15-64,T,SE,2022,0.7,,
ESTAT:TIPSLM60(1.0),14/04/25 23:00:00,A,PPCH_3Y,Y15-64,T,SE,2023,1.9,,
ESTAT:TIPSLM60(1.0),14/04/25 23:00:00,A,PPCH_3Y,Y15-64,T,SE,2024,1.2,,
ESTAT:TIPSLM60(1.0),14/04/25 23:00:00,A,PPCH_3Y,Y15-64,T,SI,2012,-1.6,,
ESTAT:TIPSLM60(1.0),14/04/25 23:00:00,A,PPCH_3Y,Y15-64,T,SI,2013,-0.8,,
ESTAT:TIPSLM60(1.0),14/04/25 23:00:00,A,PPCH_3Y,Y15-64,T,SI,2014,0.7,,
ESTAT:TIPSLM60(1.0),14/04/25 23:00:00,A,PPCH_3Y,Y15-64,T,SI,2015,1.4,,
ESTAT:TIPSLM60(1.0),14/04/25 23:00:00,A,PPCH_3Y,Y15-64,T,SI,2016,1.1,,
ESTAT:TIPSLM60(1.0),14/04/25 23:00:00,A,PPCH_3Y,Y15-64,T,SI,2017,3.2,,
ESTAT:TIPSLM60(1.0),14/04/25 23:00:00,A,PPCH_3Y,Y15-64,T,SI,2018,3.2,,
ESTAT:TIPSLM60(1.0),14/04/25 23:00:00,A,PPCH_3Y,Y15-64,T,SI,2019,3.5,,
ESTAT:TIPSLM60(1.0),14/04/25 23:00:00,A,PPCH_3Y,Y15-64,T,SI,2020,0.2,,
ESTAT:TIPSLM60(1.0),14/04/25 23:00:00,A,PPCH_3Y,Y15-64,T,SI,2021,0.6,,
ESTAT:TIPSLM60(1.0),14/04/25 23:00:00,A,PPCH_3Y,Y15-64,T,SI,2022,1.6,,
ESTAT:TIPSLM60(1.0),14/04/25 23:00:00,A,PPCH_3Y,Y15-64,T,SI,2023,1.4,,
ESTAT:TIPSLM60(1.0),14/04/25 23:00:00,A,PPCH_3Y,Y15-64,T,SI,2024,0.9,,
ESTAT:TIPSLM60(1.0),14/04/25 23:00:00,A,PPCH_3Y,Y15-64,T,SK,2012,1.0,,
ESTAT:TIPSLM60(1.0),14/04/25 23:00:00,A,PPCH_3Y,Y15-64,T,SK,2013,1.3,,
ESTAT:TIPSLM60(1.0),14/04/25 23:00:00,A,PPCH_3Y,Y15-64,T,SK,2014,1.6,b,
ESTAT:TIPSLM60(1.0),14/04/25 23:00:00,A,PPCH_3Y,Y15-64,T,SK,2015,1.6,,
ESTAT:TIPSLM60(1.0),14/04/25 23:00:00,A,PPCH_3Y,Y15-64,T,SK,2016,2.1,,
ESTAT:TIPSLM60(1.0),14/04/25 23:00:00,A,PPCH_3Y,Y15-64,T,SK,2017,1.9,,
ESTAT:TIPSLM60(1.0),14/04/25 23:00:00,A,PPCH_3Y,Y15-64,T,SK,2018,1.5,,
ESTAT:TIPSLM60(1.0),14/04/25 23:00:00,A,PPCH_3Y,Y15-64,T,SK,2019,0.8,,
ESTAT:TIPSLM60(1.0),14/04/25 23:00:00,A,PPCH_3Y,Y15-64,T,SK,2020,0.4,,
ESTAT:TIPSLM60(1.0),14/04/25 23:00:00,A,PPCH_3Y,Y15-64,T,SK,2021,0.2,,
ESTAT:TIPSLM60(1.0),14/04/25 23:00:00,A,PPCH_3Y,Y15-64,T,SK,2022,1.4,,
ESTAT:TIPSLM60(1.0),14/04/25 23:00:00,A,PPCH_3Y,Y15-64,T,SK,2023,2.0,,
ESTAT:TIPSLM60(1.0),14/04/25 23:00:00,A,PPCH_3Y,Y15-64,T,SK,2024,2.0,,
